Sep 08 2023 03:30PM,Tata Chemicals Ltd,TATACHEM,0-3000000,0-25,25-50,Sep 08 2023 03:30PM,RsaTrend
Sep 08 2023 03:30PM,Brigade Enterprises Ltd,BRIGADE,0-3000000,25-50,50-75,Sep 08 2023 03:30PM,RsaTrend
Sep 11 2023 03:30PM,Dixon Technologies (India) Ltd,DIXON,0-3000000,0-25,50-75,Sep 11 2023 03:30PM,RsaTrend
Oct 10 2023 03:30PM,Satin Creditcare Network Ltd,SATIN,0-3000000,0-25,50-75,Oct 10 2023 03:30PM,RsaTrend
Oct 11 2023 03:30PM,Mahanagar Gas Ltd,MGL,0-3000000,0-25,50-75,Oct 11 2023 03:30PM,RsaTrendTrianglePatternWithHA
Oct 11 2023 03:30PM,Ujjivan Financial Services Ltd,UJJIVAN,0-3000000,0-25,25-50,Oct 11 2023 03:30PM,RsaTrend
Oct 12 2023 03:30PM,HEG Ltd,HEG,0-3000000,25-50,50-75,Oct 12 2023 03:30PM,RsaTrend
Oct 12 2023 03:30PM,Monarch Networth Capital Ltd,MONARCH,0-3000000,25-50,50-75,Oct 12 2023 03:30PM,RsaTrend
Oct 12 2023 03:30PM,Heritage Foods Ltd,HERITGFOOD,0-3000000,25-50,50-75,Oct 12 2023 03:30PM,RsaTrend
Oct 12 2023 03:30PM,Sanghvi Movers Ltd,SANGHVIMOV,0-3000000,0-25,50-75,Oct 12 2023 03:30PM,RsaTrend
Oct 12 2023 03:30PM,RBL Bank Ltd,RBLBANK,0-3000000,0-25,25-50,Oct 12 2023 03:30PM,RsaTrend
Oct 12 2023 03:30PM,DLF Ltd,DLF,0-3000000,25-50,50-75,Oct 12 2023 03:30PM,RsaTrend
Oct 12 2023 03:30PM,Ramco Systems Ltd,RAMCOSYS,0-3000000,0-25,25-50,Oct 12 2023 03:30PM,RsaTrend
Oct 12 2023 03:30PM,Jyothy Labs Ltd,JYOTHYLAB,0-3000000,0-25,50-75,Oct 12 2023 03:30PM,RsaTrend
Oct 12 2023 03:30PM,Dollar Industries Ltd,DOLLAR,0-3000000,0-25,50-75,Oct 12 2023 03:30PM,RsaTrend
Oct 12 2023 03:30PM,HDFC Asset Management Company Ltd,HDFCAMC,0-3000000,25-50,50-75,Oct 12 2023 03:30PM,RsaTrend
Oct 12 2023 03:30PM,Inox Wind Ltd,INOXWIND,0-3000000,0-25,25-50,Oct 12 2023 03:30PM,RsaTrend
Oct 12 2023 03:30PM,Laurus Labs Ltd,LAURUSLABS,0-3000000,0-25,50-75,Oct 12 2023 03:30PM,RsaTrend
Oct 13 2023 03:30PM,Eicher Motors Ltd,EICHERMOT,0-3000000,0-25,50-75,Oct 13 2023 03:30PM,RsaTrend
Oct 13 2023 03:30PM,Pitti Engineering Ltd,PITTIENG,0-3000000,25-50,50-75,Oct 13 2023 03:30PM,RsaTrend
Oct 13 2023 03:30PM,Bajaj Finance Ltd,BAJFINANCE,0-3000000,0-25,50-75,Oct 13 2023 03:30PM,RsaTrend
Oct 13 2023 03:30PM,RBL Bank Ltd,RBLBANK,0-3000000,0-25,25-50,Oct 13 2023 03:30PM,RsaTrend
Oct 13 2023 03:30PM,Mazagon Dock Shipbuilders Ltd,MAZDOCK,0-3000000,0-25,50-75,Oct 13 2023 03:30PM,RsaTrend
Oct 13 2023 03:30PM,Mahanagar Gas Ltd,MGL,0-3000000,25-50,50-75,Oct 13 2023 03:30PM,RsaTrend
Oct 13 2023 03:30PM,PNB Housing Finance Ltd,PNBHOUSING,0-3000000,0-25,25-50,Oct 13 2023 03:30PM,RsaTrend
Oct 13 2023 03:30PM,Repco Home Finance Ltd,REPCOHOME,0-3000000,0-25,50-75,Oct 13 2023 03:30PM,RsaTrend
Oct 13 2023 03:30PM,Polycab India Ltd,POLYCAB,0-3000000,25-50,50-75,Oct 13 2023 03:30PM,RsaTrend
Oct 13 2023 03:30PM,Action Construction Equipment Ltd,ACE,0-3000000,0-25,50-75,Oct 13 2023 03:30PM,RsaTrend
Oct 13 2023 03:30PM,Motilal Oswal Financial Services Ltd,MOTILALOFS,0-3000000,25-50,50-75,Oct 13 2023 03:30PM,RsaTrend
Oct 13 2023 03:30PM,Varroc Engineering Ltd,VARROC,0-3000000,0-25,25-50,Oct 13 2023 03:30PM,RsaTrend
Oct 13 2023 03:30PM,CMS Info Systems Ltd,CMSINFO,0-3000000,0-25,50-75,Oct 13 2023 03:30PM,RsaTrendPDCB
Oct 13 2023 03:30PM,Laurus Labs Ltd,LAURUSLABS,0-3000000,0-25,50-75,Oct 13 2023 03:30PM,RsaTrend
Oct 13 2023 03:30PM,Arvind Fashions Ltd,ARVINDFASN,0-3000000,25-50,50-75,Oct 13 2023 03:30PM,RsaTrend
Oct 13 2023 03:30PM,Vijaya Diagnostic Centre Ltd,VIJAYA,0-3000000,50-75,50-75,Oct 13 2023 03:30PM,RsaTrend
Oct 16 2023 03:30PM,Bajaj Finance Ltd,BAJFINANCE,0-3000000,0-25,25-50,Oct 16 2023 03:30PM,RsaTrend
Oct 16 2023 03:30PM,Ramco Systems Ltd,RAMCOSYS,0-3000000,0-25,25-50,Oct 16 2023 03:30PM,RsaTrend
Oct 16 2023 03:30PM,Mahanagar Gas Ltd,MGL,0-3000000,25-50,50-75,Oct 16 2023 03:30PM,RsaTrend
Oct 16 2023 03:30PM,Newgen Software Technologies Ltd,NEWGEN,0-3000000,25-50,50-75,Oct 16 2023 03:30PM,RsaTrend
Oct 16 2023 03:30PM,Kaveri Seed Company Ltd,KSCL,0-3000000,25-50,50-75,Oct 16 2023 03:30PM,RsaTrend
Oct 16 2023 03:30PM,Motilal Oswal Financial Services Ltd,MOTILALOFS,0-3000000,25-50,50-75,Oct 16 2023 03:30PM,RsaTrend
Oct 16 2023 03:30PM,Varroc Engineering Ltd,VARROC,0-3000000,0-25,25-50,Oct 16 2023 03:30PM,RsaTrend
Oct 16 2023 03:30PM,One 97 Communications Ltd,PAYTM,0-3000000,25-50,25-50,Oct 16 2023 03:30PM,RsaTrend
Oct 16 2023 03:30PM,Krsnaa Diagnostics Ltd,KRSNAA,0-3000000,0-25,25-50,Oct 16 2023 03:30PM,RsaTrend
Oct 17 2023 03:30PM,Godfrey Phillips India Ltd,GODFRYPHLP,0-3000000,0-25,50-75,Oct 17 2023 03:30PM,RsaTrend
Oct 17 2023 03:30PM,Choice International Ltd,CHOICEIN,0-3000000,50-75,50-75,Oct 17 2023 03:30PM,RsaTrend
Oct 17 2023 03:30PM,NTPC Ltd,NTPC,0-3000000,25-50,50-75,Oct 17 2023 03:30PM,RsaTrend
Oct 17 2023 03:30PM,Granules India Ltd,GRANULES,0-3000000,0-25,50-75,Oct 17 2023 03:30PM,RsaTrend
Oct 17 2023 03:30PM,Mahanagar Gas Ltd,MGL,0-3000000,25-50,50-75,Oct 17 2023 03:30PM,RsaTrend
Oct 17 2023 03:30PM,Kaveri Seed Company Ltd,KSCL,0-3000000,25-50,50-75,Oct 17 2023 03:30PM,RsaTrend
Oct 17 2023 03:30PM,Arvind Fashions Ltd,ARVINDFASN,0-3000000,25-50,50-75,Oct 17 2023 03:30PM,RsaTrend
Oct 17 2023 03:30PM,Likhitha Infrastructure Ltd,LIKHITHA,0-3000000,0-25,25-50,Oct 17 2023 03:30PM,RsaTrend
Oct 18 2023 03:30PM,Century Enka Ltd,CENTENKA,0-3000000,25-50,50-75,Oct 18 2023 03:30PM,RsaTrend
Oct 18 2023 03:30PM,Great Eastern Shipping Company Ltd,GESHIP,0-3000000,25-50,25-50,Oct 18 2023 03:30PM,RsaTrend
Oct 18 2023 03:30PM,Monarch Networth Capital Ltd,MONARCH,0-3000000,25-50,50-75,Oct 18 2023 03:30PM,RsaTrend
Oct 18 2023 03:30PM,DLF Ltd,DLF,0-3000000,0-25,50-75,Oct 18 2023 03:30PM,RsaTrend
Oct 18 2023 03:30PM,Agarwal Industrial Corporation Ltd,AGARIND,0-3000000,0-25,25-50,Oct 18 2023 03:30PM,RsaTrend
Oct 18 2023 03:30PM,Granules India Ltd,GRANULES,0-3000000,0-25,50-75,Oct 18 2023 03:30PM,RsaTrend
Oct 18 2023 03:30PM,Mahanagar Gas Ltd,MGL,0-3000000,0-25,25-50,Oct 18 2023 03:30PM,RsaTrend
Oct 18 2023 03:30PM,Kaveri Seed Company Ltd,KSCL,0-3000000,25-50,50-75,Oct 18 2023 03:30PM,RsaTrend
Oct 18 2023 03:30PM,Just Dial Ltd,JUSTDIAL,0-3000000,25-50,50-75,Oct 18 2023 03:30PM,RsaTrend
Oct 18 2023 03:30PM,Arvind Fashions Ltd,ARVINDFASN,0-3000000,25-50,50-75,Oct 18 2023 03:30PM,RsaTrend
Oct 18 2023 03:30PM,Suven Pharmaceuticals Ltd,SUVENPHAR,0-3000000,25-50,50-75,Oct 18 2023 03:30PM,RsaTrend
Oct 18 2023 03:30PM,Vijaya Diagnostic Centre Ltd,VIJAYA,0-3000000,25-50,50-75,Oct 18 2023 03:30PM,RsaTrend
Oct 18 2023 03:30PM,Rategain Travel Technologies Ltd,RATEGAIN,0-3000000,25-50,50-75,Oct 18 2023 03:30PM,RsaTrend
Oct 19 2023 03:30PM,Sundram Fasteners Ltd,SUNDRMFAST,0-3000000,25-50,50-75,Oct 19 2023 03:30PM,RsaTrend
Oct 19 2023 03:30PM,Sudarshan Chemical Industries Ltd,SUDARSCHEM,0-3000000,25-50,50-75,Oct 19 2023 03:30PM,RsaTrend
Oct 19 2023 03:30PM,Monarch Networth Capital Ltd,MONARCH,0-3000000,25-50,50-75,Oct 19 2023 03:30PM,RsaTrend
Oct 19 2023 03:30PM,Power Finance Corporation Ltd,PFC,0-3000000,0-25,25-50,Oct 19 2023 03:30PM,RsaTrend
Oct 19 2023 03:30PM,Granules India Ltd,GRANULES,0-3000000,0-25,25-50,Oct 19 2023 03:30PM,RsaTrend
Oct 19 2023 03:30PM,Mahanagar Gas Ltd,MGL,0-3000000,0-25,25-50,Oct 19 2023 03:30PM,RsaTrend
Oct 19 2023 03:30PM,Advanced Enzyme Technologies Ltd,ADVENZYMES,0-3000000,0-25,25-50,Oct 19 2023 03:30PM,RsaTrend
Oct 19 2023 03:30PM,Datamatics Global Services Ltd,DATAMATICS,0-3000000,25-50,50-75,Oct 19 2023 03:30PM,RsaTrend
Oct 19 2023 03:30PM,Polycab India Ltd,POLYCAB,0-3000000,25-50,25-50,Oct 19 2023 03:30PM,RsaTrend
Oct 19 2023 03:30PM,Tejas Networks Ltd,TEJASNET,0-3000000,25-50,50-75,Oct 19 2023 03:30PM,RsaTrend
Oct 19 2023 03:30PM,One 97 Communications Ltd,PAYTM,0-3000000,0-25,50-75,Oct 19 2023 03:30PM,RsaTrend
Oct 19 2023 03:30PM,Just Dial Ltd,JUSTDIAL,0-3000000,25-50,50-75,Oct 19 2023 03:30PM,RsaTrend
Oct 19 2023 03:30PM,Healthcare Global Enterprises Ltd,HCG,0-3000000,0-25,50-75,Oct 19 2023 03:30PM,RsaTrend
Oct 20 2023 03:30PM,Grindwell Norton Ltd,GRINDWELL,0-3000000,0-25,25-50,Oct 20 2023 03:30PM,RsaTrend
Oct 20 2023 03:30PM,Hero MotoCorp Ltd,HEROMOTOCO,0-3000000,25-50,50-75,Oct 20 2023 03:30PM,RsaTrend
Oct 20 2023 03:30PM,Maharashtra Scooters Ltd,MAHSCOOTER,0-3000000,25-50,50-75,Oct 20 2023 03:30PM,RsaTrend
Oct 20 2023 03:30PM,Nahar Spinning Mills Ltd,NAHARSPING,0-3000000,25-50,50-75,Oct 20 2023 03:30PM,RsaTrend
Oct 20 2023 03:30PM,Pitti Engineering Ltd,PITTIENG,0-3000000,25-50,50-75,Oct 20 2023 03:30PM,RsaTrend
Oct 20 2023 03:30PM,Sunteck Realty Ltd,SUNTECK,0-3000000,0-25,25-50,Oct 20 2023 03:30PM,RsaTrend
Oct 20 2023 03:30PM,Pokarna Ltd,POKARNA,0-3000000,25-50,50-75,Oct 20 2023 03:30PM,RsaTrend
Oct 20 2023 03:30PM,Jyothy Labs Ltd,JYOTHYLAB,0-3000000,0-25,25-50,Oct 20 2023 03:30PM,RsaTrend
Oct 20 2023 03:30PM,Birlasoft Ltd,BSOFT,0-3000000,0-25,50-75,Oct 20 2023 03:30PM,RsaTrend
Oct 20 2023 03:30PM,Max Healthcare Institute Ltd,MAXHEALTH,0-3000000,0-25,50-75,Oct 20 2023 03:30PM,RsaTrend
Oct 20 2023 03:30PM,Chalet Hotels Ltd,CHALET,0-3000000,0-25,25-50,Oct 20 2023 03:30PM,RsaTrend
Oct 20 2023 03:30PM,Spandana Sphoorty Financial Ltd,SPANDANA,0-3000000,0-25,50-75,Oct 20 2023 03:30PM,RsaTrend
Oct 20 2023 03:30PM,TD Power Systems Ltd,TDPOWERSYS,0-3000000,0-25,50-75,Oct 20 2023 03:30PM,RsaTrend
Oct 20 2023 03:30PM,Tejas Networks Ltd,TEJASNET,0-3000000,25-50,25-50,Oct 20 2023 03:30PM,RsaTrend
Oct 20 2023 03:30PM,Share India Securities Ltd,SHAREINDIA,0-3000000,0-25,50-75,Oct 20 2023 03:30PM,RsaTrend
Oct 23 2023 03:30PM,Birla Corporation Ltd,BIRLACORPN,0-3000000,25-50,25-50,Oct 23 2023 03:30PM,RsaTrend
Oct 23 2023 03:30PM,Century Enka Ltd,CENTENKA,0-3000000,25-50,25-50,Oct 23 2023 03:30PM,RsaTrend
Oct 23 2023 03:30PM,Bajaj Finance Ltd,BAJFINANCE,0-3000000,25-50,25-50,Oct 23 2023 03:30PM,RsaTrend
Oct 23 2023 03:30PM,Savita Oil Technologies Ltd,SOTL,0-3000000,25-50,25-50,Oct 23 2023 03:30PM,RsaTrend
Oct 23 2023 03:30PM,Kitex Garments Ltd,KITEX,0-3000000,25-50,25-50,Oct 23 2023 03:30PM,RsaTrend
Oct 23 2023 03:30PM,Metro Brands Ltd,METROBRAND,0-3000000,0-25,50-75,Oct 23 2023 03:30PM,RsaTrend
Oct 23 2023 03:30PM,ICICI Lombard General Insurance Company Ltd,ICICIGI,0-3000000,25-50,50-75,Oct 23 2023 03:30PM,RsaTrend
Oct 23 2023 03:30PM,Uttam Sugar Mills Ltd,UTTAMSUGAR,0-3000000,25-50,25-50,Oct 23 2023 03:30PM,RsaTrend
Oct 23 2023 03:30PM,Repco Home Finance Ltd,REPCOHOME,0-3000000,25-50,25-50,Oct 23 2023 03:30PM,RsaTrend
Oct 23 2023 03:30PM,Sobha Ltd,SOBHA,0-3000000,25-50,25-50,Oct 23 2023 03:30PM,RsaTrend
Oct 23 2023 03:30PM,Bajaj Finserv Ltd,BAJAJFINSV,0-3000000,0-25,25-50,Oct 23 2023 03:30PM,RsaTrend
Oct 23 2023 03:30PM,Birla Corporation Ltd,BIRLACORPN,0-3000000,25-50,25-50,Oct 23 2023 03:30PM,RsaTrend
Oct 23 2023 03:30PM,Century Enka Ltd,CENTENKA,0-3000000,25-50,25-50,Oct 23 2023 03:30PM,RsaTrend
Oct 23 2023 03:30PM,Bajaj Finance Ltd,BAJFINANCE,0-3000000,25-50,25-50,Oct 23 2023 03:30PM,RsaTrend
Oct 23 2023 03:30PM,Savita Oil Technologies Ltd,SOTL,0-3000000,25-50,25-50,Oct 23 2023 03:30PM,RsaTrend
Oct 23 2023 03:30PM,Metro Brands Ltd,METROBRAND,0-3000000,0-25,50-75,Oct 23 2023 03:30PM,RsaTrend
Oct 23 2023 03:30PM,ICICI Lombard General Insurance Company Ltd,ICICIGI,0-3000000,25-50,50-75,Oct 23 2023 03:30PM,RsaTrend
Oct 23 2023 03:30PM,Uttam Sugar Mills Ltd,UTTAMSUGAR,0-3000000,25-50,25-50,Oct 23 2023 03:30PM,RsaTrend
Oct 23 2023 03:30PM,Repco Home Finance Ltd,REPCOHOME,0-3000000,25-50,25-50,Oct 23 2023 03:30PM,RsaTrend
Oct 23 2023 03:30PM,Sobha Ltd,SOBHA,0-3000000,25-50,25-50,Oct 23 2023 03:30PM,RsaTrend
Oct 23 2023 03:30PM,Bajaj Finserv Ltd,BAJAJFINSV,0-3000000,0-25,25-50,Oct 23 2023 03:30PM,RsaTrend
Oct 25 2023 03:30PM,Hero MotoCorp Ltd,HEROMOTOCO,0-3000000,25-50,25-50,Oct 25 2023 03:30PM,RsaTrend
Oct 25 2023 03:30PM,Linde India Ltd,LINDEINDIA,0-3000000,25-50,25-50,Oct 25 2023 03:30PM,RsaTrend
Oct 25 2023 03:30PM,Sundram Fasteners Ltd,SUNDRMFAST,0-3000000,0-25,25-50,Oct 25 2023 03:30PM,RsaTrend
Oct 25 2023 03:30PM,Universal Cables Ltd,UNIVCABLES,0-3000000,0-25,25-50,Oct 25 2023 03:30PM,RsaTrend
Oct 25 2023 03:30PM,Control Print Ltd,CONTROLPR,0-3000000,0-25,25-50,Oct 25 2023 03:30PM,RsaTrend
Oct 25 2023 03:30PM,Torrent Pharmaceuticals Ltd,TORNTPHARM,0-3000000,25-50,50-75,Oct 25 2023 03:30PM,RsaTrend
Oct 25 2023 03:30PM,Monarch Networth Capital Ltd,MONARCH,0-3000000,25-50,25-50,Oct 25 2023 03:30PM,RsaTrend
Oct 25 2023 03:30PM,Savita Oil Technologies Ltd,SOTL,0-3000000,25-50,25-50,Oct 25 2023 03:30PM,RsaTrend
Oct 25 2023 03:30PM,Metro Brands Ltd,METROBRAND,0-3000000,0-25,50-75,Oct 25 2023 03:30PM,RsaTrend
Oct 25 2023 03:30PM,Spandana Sphoorty Financial Ltd,SPANDANA,0-3000000,0-25,25-50,Oct 25 2023 03:30PM,RsaTrend
Oct 25 2023 03:30PM,Ujjivan Financial Services Ltd,UJJIVAN,0-3000000,25-50,25-50,Oct 25 2023 03:30PM,RsaTrend
Oct 25 2023 03:30PM,KPIT Technologies Ltd,KPITTECH,0-3000000,25-50,25-50,Oct 25 2023 03:30PM,RsaTrend
Oct 26 2023 03:30PM,Nestle India Ltd,NESTLEIND,0-3000000,25-50,25-50,Oct 26 2023 03:30PM,RsaTrend
Oct 26 2023 03:30PM,JK Lakshmi Cement Ltd,JKLAKSHMI,0-3000000,0-25,25-50,Oct 26 2023 03:30PM,RsaTrend
Oct 26 2023 03:30PM,Universal Cables Ltd,UNIVCABLES,0-3000000,0-25,25-50,Oct 26 2023 03:30PM,RsaTrend
Oct 26 2023 03:30PM,Pitti Engineering Ltd,PITTIENG,0-3000000,25-50,25-50,Oct 26 2023 03:30PM,RsaTrend
Oct 26 2023 03:30PM,Brigade Enterprises Ltd,BRIGADE,0-3000000,0-25,25-50,Oct 26 2023 03:30PM,RsaTrend
Oct 26 2023 03:30PM,CMS Info Systems Ltd,CMSINFO,0-3000000,0-25,25-50,Oct 26 2023 03:30PM,RsaTrend
Oct 26 2023 03:30PM,Anand Rathi Wealth Ltd,ANANDRATHI,0-3000000,0-25,25-50,Oct 26 2023 03:30PM,RsaTrend
Oct 26 2023 03:30PM,Rategain Travel Technologies Ltd,RATEGAIN,0-3000000,0-25,25-50,Oct 26 2023 03:30PM,RsaTrend
Oct 27 2023 03:30PM,Balkrishna Industries Ltd,BALKRISIND,0-3000000,0-25,50-75,Oct 27 2023 03:30PM,RsaTrend
Oct 27 2023 03:30PM,Rallis India Ltd,RALLIS,0-3000000,25-50,50-75,Oct 27 2023 03:30PM,RsaTrend
Oct 27 2023 03:30PM,Mayur Uniquoters Ltd,MAYURUNIQ,0-3000000,0-25,25-50,Oct 27 2023 03:30PM,RsaTrend
Oct 27 2023 03:30PM,Minda Corporation Ltd,MINDACORP,0-3000000,0-25,50-75,Oct 27 2023 03:30PM,RsaTrend
Oct 27 2023 03:30PM,Muthoot Finance Ltd,MUTHOOTFIN,0-3000000,0-25,50-75,Oct 27 2023 03:30PM,RsaTrend
Oct 27 2023 03:30PM,Motilal Oswal Financial Services Ltd,MOTILALOFS,0-3000000,0-25,50-75,Oct 27 2023 03:30PM,RsaTrend
Oct 27 2023 03:30PM,Spandana Sphoorty Financial Ltd,SPANDANA,0-3000000,25-50,50-75,Oct 27 2023 03:30PM,RsaTrend
Oct 27 2023 03:30PM,Bajaj Consumer Care Ltd,BAJAJCON,0-3000000,0-25,25-50,Oct 27 2023 03:30PM,RsaTrend
Oct 27 2023 03:30PM,Arvind Fashions Ltd,ARVINDFASN,0-3000000,25-50,25-50,Oct 27 2023 03:30PM,RsaTrend
Oct 27 2023 03:30PM,Suven Pharmaceuticals Ltd,SUVENPHAR,0-3000000,0-25,50-75,Oct 27 2023 03:30PM,RsaTrend
Oct 30 2023 03:30PM,Nestle India Ltd,NESTLEIND,0-3000000,0-25,50-75,Oct 30 2023 03:30PM,RsaTrend
Oct 30 2023 03:30PM,Sundram Fasteners Ltd,SUNDRMFAST,0-3000000,0-25,50-75,Oct 30 2023 03:30PM,RsaTrend
Oct 30 2023 03:30PM,Savita Oil Technologies Ltd,SOTL,0-3000000,0-25,25-50,Oct 30 2023 03:30PM,RsaTrend
Oct 30 2023 03:30PM,Interglobe Aviation Ltd,INDIGO,0-3000000,25-50,50-75,Oct 30 2023 03:30PM,RsaTrend
Oct 30 2023 03:30PM,CMS Info Systems Ltd,CMSINFO,0-3000000,0-25,50-75,Oct 30 2023 03:30PM,RsaTrend
Oct 30 2023 03:30PM,Home First Finance Company India Ltd,HOMEFIRST,0-3000000,25-50,50-75,Oct 30 2023 03:30PM,RsaTrend
Oct 31 2023 03:30PM,KSB Ltd,KSB,0-3000000,0-25,50-75,Oct 31 2023 03:30PM,RsaTrend
Oct 31 2023 03:30PM,Universal Cables Ltd,UNIVCABLES,0-3000000,0-25,50-75,Oct 31 2023 03:30PM,RsaTrend
Oct 31 2023 03:30PM,Savita Oil Technologies Ltd,SOTL,0-3000000,0-25,25-50,Oct 31 2023 03:30PM,RsaTrend
Oct 31 2023 03:30PM,Panama Petrochem Ltd,PANAMAPET,0-3000000,0-25,50-75,Oct 31 2023 03:30PM,RsaTrendPP
Oct 31 2023 03:30PM,Coal India Ltd,COALINDIA,0-3000000,0-25,50-75,Oct 31 2023 03:30PM,RsaTrend
Oct 31 2023 03:30PM,Persistent Systems Ltd,PERSISTENT,0-3000000,25-50,50-75,Oct 31 2023 03:30PM,RsaTrend
Oct 31 2023 03:30PM,Pricol Ltd,PRICOLLTD,0-3000000,25-50,50-75,Oct 31 2023 03:30PM,RsaTrend
Nov 01 2023 03:30PM,Trent Ltd,TRENT,0-3000000,25-50,50-75,Nov 01 2023 03:30PM,RsaTrend
Nov 01 2023 03:30PM,Muthoot Finance Ltd,MUTHOOTFIN,0-3000000,25-50,50-75,Nov 01 2023 03:30PM,RsaTrend
Nov 01 2023 03:30PM,Repco Home Finance Ltd,REPCOHOME,0-3000000,25-50,50-75,Nov 01 2023 03:30PM,RsaTrend
Nov 01 2023 03:30PM,CMS Info Systems Ltd,CMSINFO,0-3000000,25-50,50-75,Nov 01 2023 03:30PM,RsaTrend
Nov 02 2023 03:30PM,Elecon Engineering Company Ltd,ELECON,0-3000000,25-50,50-75,Nov 02 2023 03:30PM,RsaTrend
Nov 02 2023 03:30PM,Nestle India Ltd,NESTLEIND,0-3000000,0-25,50-75,Nov 02 2023 03:30PM,RsaTrend
Nov 02 2023 03:30PM,Trent Ltd,TRENT,0-3000000,25-50,50-75,Nov 02 2023 03:30PM,RsaTrend
Nov 02 2023 03:30PM,Tata Consumer Products Ltd,TATACONSUM,0-3000000,25-50,50-75,Nov 02 2023 03:30PM,RsaTrend
Nov 02 2023 03:30PM,DLF Ltd,DLF,0-3000000,50-75,50-75,Nov 02 2023 03:30PM,RsaTrend
Nov 02 2023 03:30PM,Atul Auto Ltd,ATULAUTO,0-3000000,0-25,25-50,Nov 02 2023 03:30PM,RsaTrend
Nov 02 2023 03:30PM,ICICI Lombard General Insurance Company Ltd,ICICIGI,0-3000000,25-50,50-75,Nov 02 2023 03:30PM,RsaTrend
Nov 02 2023 03:30PM,Uttam Sugar Mills Ltd,UTTAMSUGAR,0-3000000,25-50,50-75,Nov 02 2023 03:30PM,RsaTrend
Nov 02 2023 03:30PM,Repco Home Finance Ltd,REPCOHOME,0-3000000,25-50,50-75,Nov 02 2023 03:30PM,RsaTrend
Nov 02 2023 03:30PM,Kirloskar Oil Engines Ltd,KIRLOSENG,0-3000000,25-50,50-75,Nov 02 2023 03:30PM,RsaTrend
Nov 02 2023 03:30PM,Gulf Oil Lubricants India Ltd,GULFOILLUB,0-3000000,50-75,50-75,Nov 02 2023 03:30PM,RsaTrend
Nov 02 2023 03:30PM,Quick Heal Technologies Ltd,QUICKHEAL,0-3000000,25-50,50-75,Nov 02 2023 03:30PM,RsaTrend
Nov 03 2023 03:30PM,Arvind Ltd,ARVIND,0-3000000,25-50,50-75,Nov 03 2023 03:30PM,RsaTrend
Nov 03 2023 03:30PM,Bombay Burmah Trading Corporation Ltd,BBTC,0-3000000,0-25,25-50,Nov 03 2023 03:30PM,RsaTrend
Nov 03 2023 03:30PM,Elecon Engineering Company Ltd,ELECON,0-3000000,25-50,50-75,Nov 03 2023 03:30PM,RsaTrend
Nov 03 2023 03:30PM,Tata Consumer Products Ltd,TATACONSUM,0-3000000,25-50,50-75,Nov 03 2023 03:30PM,RsaTrend
Nov 03 2023 03:30PM,TTK Healthcare Ltd,TTKHLTCARE,0-3000000,25-50,50-75,Nov 03 2023 03:30PM,RsaTrend
Nov 03 2023 03:30PM,Roto Pumps Ltd,ROTO,0-3000000,0-25,25-50,Nov 03 2023 03:30PM,RsaTrend
Nov 03 2023 03:30PM,Coal India Ltd,COALINDIA,0-3000000,0-25,50-75,Nov 03 2023 03:30PM,RsaTrend
Nov 03 2023 03:30PM,Godrej Properties Ltd,GODREJPROP,0-3000000,50-75,75-100,Nov 03 2023 03:30PM,RsaTrend
Nov 03 2023 03:30PM,Sobha Ltd,SOBHA,0-3000000,50-75,50-75,Nov 03 2023 03:30PM,RsaTrendPDCB
Nov 03 2023 03:30PM,Home First Finance Company India Ltd,HOMEFIRST,0-3000000,0-25,25-50,Nov 03 2023 03:30PM,RsaTrend
Nov 03 2023 03:30PM,KPIT Technologies Ltd,KPITTECH,0-3000000,25-50,50-75,Nov 03 2023 03:30PM,RsaTrend
Nov 03 2023 03:30PM,Hariom Pipe Industries Ltd,HARIOMPIPE,0-3000000,0-25,25-50,Nov 03 2023 03:30PM,RsaTrend
Nov 06 2023 03:30PM,Bombay Burmah Trading Corporation Ltd,BBTC,0-3000000,0-25,25-50,Nov 06 2023 03:30PM,RsaTrend
Nov 06 2023 03:30PM,Tata Coffee Ltd,TATACOFFEE,0-3000000,25-50,50-75,Nov 06 2023 03:30PM,RsaTrend
Nov 06 2023 03:30PM,Nestle India Ltd,NESTLEIND,0-3000000,0-25,50-75,Nov 06 2023 03:30PM,RsaTrend
Nov 06 2023 03:30PM,Tata Consumer Products Ltd,TATACONSUM,0-3000000,25-50,50-75,Nov 06 2023 03:30PM,RsaTrend
Nov 06 2023 03:30PM,Bharat Dynamics Ltd,BDL,0-3000000,50-75,50-75,Nov 06 2023 03:30PM,RsaTrend
Nov 06 2023 03:30PM,ICICI Lombard General Insurance Company Ltd,ICICIGI,0-3000000,0-25,50-75,Nov 06 2023 03:30PM,RsaTrend
Nov 07 2023 03:30PM,Bharat Dynamics Ltd,BDL,0-3000000,50-75,50-75,Nov 07 2023 03:30PM,RsaTrend
Nov 07 2023 03:30PM,Vardhman Special Steels Ltd,VSSL,0-3000000,0-25,25-50,Nov 07 2023 03:30PM,RsaTrend
Nov 08 2023 03:30PM,Tata Consumer Products Ltd,TATACONSUM,0-3000000,25-50,25-50,Nov 08 2023 03:30PM,RsaTrend
Nov 08 2023 03:30PM,Universal Cables Ltd,UNIVCABLES,0-3000000,25-50,50-75,Nov 08 2023 03:30PM,RsaTrend
Nov 08 2023 03:30PM,Monarch Networth Capital Ltd,MONARCH,0-3000000,25-50,50-75,Nov 08 2023 03:30PM,RsaTrend
Nov 08 2023 03:30PM,Shilpa Medicare Ltd,SHILPAMED,0-3000000,25-50,50-75,Nov 08 2023 03:30PM,RsaTrend
Nov 08 2023 03:30PM,Sobha Ltd,SOBHA,0-3000000,25-50,50-75,Nov 08 2023 03:30PM,RsaTrend
Nov 08 2023 03:30PM,Brigade Enterprises Ltd,BRIGADE,0-3000000,25-50,50-75,Nov 08 2023 03:30PM,RsaTrend
Nov 08 2023 03:30PM,Home First Finance Company India Ltd,HOMEFIRST,0-3000000,0-25,25-50,Nov 08 2023 03:30PM,RsaTrend
Nov 09 2023 03:30PM,JK Lakshmi Cement Ltd,JKLAKSHMI,0-3000000,25-50,50-75,Nov 09 2023 03:30PM,RsaTrend
Nov 09 2023 03:30PM,Tata Motors Ltd,TATAMOTORS,0-3000000,0-25,50-75,Nov 09 2023 03:30PM,RsaTrend
Nov 09 2023 03:30PM,Sanghvi Movers Ltd,SANGHVIMOV,0-3000000,0-25,25-50,Nov 09 2023 03:30PM,RsaTrend
Nov 09 2023 03:30PM,TVS Motor Company Ltd,TVSMOTOR,0-3000000,25-50,50-75,Nov 09 2023 03:30PM,RsaTrend
Nov 09 2023 03:30PM,Persistent Systems Ltd,PERSISTENT,0-3000000,25-50,50-75,Nov 09 2023 03:30PM,RsaTrend
Nov 09 2023 03:30PM,TD Power Systems Ltd,TDPOWERSYS,0-3000000,25-50,50-75,Nov 09 2023 03:30PM,RsaTrend
Nov 09 2023 03:30PM,PG Electroplast Ltd,PGEL,0-3000000,25-50,50-75,Nov 09 2023 03:30PM,RsaTrend
Nov 09 2023 03:30PM,Share India Securities Ltd,SHAREINDIA,0-3000000,0-25,25-50,Nov 09 2023 03:30PM,RsaTrend
Nov 10 2023 03:30PM,Elgi Equipments Ltd,ELGIEQUIP,0-3000000,50-75,50-75,Nov 10 2023 03:30PM,RsaTrend
Nov 10 2023 03:30PM,Max Financial Services Ltd,MFSL,0-3000000,25-50,50-75,Nov 10 2023 03:30PM,RsaTrendPDCB
Nov 10 2023 03:30PM,Atul Auto Ltd,ATULAUTO,0-3000000,25-50,25-50,Nov 10 2023 03:30PM,RsaTrend
Nov 10 2023 03:30PM,Minda Corporation Ltd,MINDACORP,0-3000000,0-25,50-75,Nov 10 2023 03:30PM,RsaTrend
Nov 10 2023 03:30PM,Metro Brands Ltd,METROBRAND,0-3000000,0-25,50-75,Nov 10 2023 03:30PM,RsaTrendPDCB
Nov 10 2023 03:30PM,Adani Power Ltd,ADANIPOWER,0-3000000,25-50,50-75,Nov 10 2023 03:30PM,RsaTrend
Nov 10 2023 03:30PM,Allsec Technologies Ltd,ALLSEC,0-3000000,25-50,0-25,Nov 10 2023 03:30PM,RsaTrend
Nov 10 2023 03:30PM,Dilip Buildcon Ltd,DBL,0-3000000,25-50,50-75,Nov 10 2023 03:30PM,RsaTrend
Nov 10 2023 03:30PM,Gulf Oil Lubricants India Ltd,GULFOILLUB,0-3000000,0-25,25-50,Nov 10 2023 03:30PM,RsaTrend
Nov 13 2023 03:30PM,Max Financial Services Ltd,MFSL,0-3000000,0-25,25-50,Nov 13 2023 03:30PM,RsaTrend
Nov 13 2023 03:30PM,Caplin Point Laboratories Ltd,CAPLIPOINT,0-3000000,25-50,50-75,Nov 13 2023 03:30PM,RsaTrend
Nov 13 2023 03:30PM,Phoenix Mills Ltd,PHOENIXLTD,0-3000000,25-50,50-75,Nov 13 2023 03:30PM,RsaTrend
Nov 13 2023 03:30PM,DLF Ltd,DLF,0-3000000,25-50,50-75,Nov 13 2023 03:30PM,RsaTrend
Nov 13 2023 03:30PM,Minda Corporation Ltd,MINDACORP,0-3000000,0-25,25-50,Nov 13 2023 03:30PM,RsaTrend
Nov 13 2023 03:30PM,Birlasoft Ltd,BSOFT,0-3000000,0-25,25-50,Nov 13 2023 03:30PM,RsaTrend
Nov 13 2023 03:30PM,Tega Industries Ltd,TEGA,0-3000000,25-50,50-75,Nov 13 2023 03:30PM,RsaTrend
Nov 13 2023 03:30PM,Jupiter Wagons Ltd,JWL,0-3000000,25-50,25-50,Nov 13 2023 03:30PM,RsaTrend
Nov 13 2023 03:30PM,Max Financial Services Ltd,MFSL,0-3000000,0-25,25-50,Nov 13 2023 03:30PM,RsaTrend
Nov 13 2023 03:30PM,Caplin Point Laboratories Ltd,CAPLIPOINT,0-3000000,25-50,50-75,Nov 13 2023 03:30PM,RsaTrend
Nov 13 2023 03:30PM,Phoenix Mills Ltd,PHOENIXLTD,0-3000000,25-50,50-75,Nov 13 2023 03:30PM,RsaTrend
Nov 13 2023 03:30PM,DLF Ltd,DLF,0-3000000,25-50,50-75,Nov 13 2023 03:30PM,RsaTrend
Nov 13 2023 03:30PM,Minda Corporation Ltd,MINDACORP,0-3000000,0-25,25-50,Nov 13 2023 03:30PM,RsaTrend
Nov 13 2023 03:30PM,Birlasoft Ltd,BSOFT,0-3000000,0-25,25-50,Nov 13 2023 03:30PM,RsaTrend
Nov 13 2023 03:30PM,Tega Industries Ltd,TEGA,0-3000000,25-50,50-75,Nov 13 2023 03:30PM,RsaTrend
Nov 13 2023 03:30PM,Jupiter Wagons Ltd,JWL,0-3000000,25-50,25-50,Nov 13 2023 03:30PM,RsaTrend
Nov 15 2023 03:30PM,Bombay Burmah Trading Corporation Ltd,BBTC,0-3000000,25-50,25-50,Nov 15 2023 03:30PM,RsaTrend
Nov 15 2023 03:30PM,JK Lakshmi Cement Ltd,JKLAKSHMI,0-3000000,25-50,50-75,Nov 15 2023 03:30PM,RsaTrend
Nov 15 2023 03:30PM,Shanthi Gears Ltd,SHANTIGEAR,0-3000000,0-25,25-50,Nov 15 2023 03:30PM,RsaTrend
Nov 15 2023 03:30PM,Caplin Point Laboratories Ltd,CAPLIPOINT,0-3000000,50-75,50-75,Nov 15 2023 03:30PM,RsaTrend
Nov 15 2023 03:30PM,TVS Motor Company Ltd,TVSMOTOR,0-3000000,0-25,50-75,Nov 15 2023 03:30PM,RsaTrend
Nov 15 2023 03:30PM,Adani Power Ltd,ADANIPOWER,0-3000000,25-50,25-50,Nov 15 2023 03:30PM,RsaTrend
Nov 15 2023 03:30PM,UltraTech Cement Ltd,ULTRACEMCO,0-3000000,25-50,50-75,Nov 15 2023 03:30PM,RsaTrend
Nov 15 2023 03:30PM,Capacite Infraprojects Ltd,CAPACITE,0-3000000,25-50,50-75,Nov 15 2023 03:30PM,RsaTrend
Nov 15 2023 03:30PM,Home First Finance Company India Ltd,HOMEFIRST,0-3000000,25-50,50-75,Nov 15 2023 03:30PM,RsaTrendPDCB
Nov 16 2023 03:30PM,Muthoot Finance Ltd,MUTHOOTFIN,0-3000000,25-50,50-75,Nov 16 2023 03:30PM,RsaTrend
Nov 16 2023 03:30PM,Ramky Infrastructure Ltd,RAMKY,0-3000000,25-50,50-75,Nov 16 2023 03:30PM,RsaTrend
Nov 16 2023 03:30PM,Computer Age Management Services Ltd,CAMS,0-3000000,50-75,75-100,Nov 16 2023 03:30PM,RsaTrend
Nov 17 2023 03:30PM,Elecon Engineering Company Ltd,ELECON,0-3000000,0-25,25-50,Nov 17 2023 03:30PM,RsaTrend
Nov 17 2023 03:30PM,Birlasoft Ltd,BSOFT,0-3000000,50-75,50-75,Nov 17 2023 03:30PM,RsaTrend
Nov 17 2023 03:30PM,Torrent Power Ltd,TORNTPOWER,0-3000000,25-50,50-75,Nov 17 2023 03:30PM,RsaTrend
Nov 17 2023 03:30PM,ICICI Lombard General Insurance Company Ltd,ICICIGI,0-3000000,25-50,50-75,Nov 17 2023 03:30PM,RsaTrend
Nov 17 2023 03:30PM,UltraTech Cement Ltd,ULTRACEMCO,0-3000000,0-25,50-75,Nov 17 2023 03:30PM,RsaTrend
Nov 20 2023 03:30PM,Marathon Nextgen Realty Ltd,MARATHON,0-3000000,0-25,25-50,Nov 20 2023 03:30PM,RsaTrend
Nov 20 2023 03:30PM,Persistent Systems Ltd,PERSISTENT,0-3000000,25-50,50-75,Nov 20 2023 03:30PM,RsaTrendTrianglePatternWithHA
Nov 20 2023 03:30PM,CreditAccess Grameen Ltd,CREDITACC,0-3000000,25-50,25-50,Nov 20 2023 03:30PM,RsaTrend
Nov 20 2023 03:30PM,Computer Age Management Services Ltd,CAMS,0-3000000,25-50,50-75,Nov 20 2023 03:30PM,RsaTrend
Nov 21 2023 03:30PM,Blue Star Ltd,BLUESTARCO,0-3000000,0-25,50-75,Nov 21 2023 03:30PM,RsaTrend
Nov 21 2023 02:30PM,Elecon Engineering Company Ltd,ELECON,0-3000000,25-50,50-75,Nov 21 2023 02:30PM,RsaTrend
Nov 21 2023 03:30PM,Cummins India Ltd,CUMMINSIND,0-3000000,25-50,50-75,Nov 21 2023 03:30PM,RsaTrend
Nov 21 2023 03:30PM,PCBL Ltd,PCBL,0-3000000,50-75,50-75,Nov 21 2023 03:30PM,RsaTrend
Nov 21 2023 03:30PM,Apollo Hospitals Enterprise Ltd,APOLLOHOSP,0-3000000,25-50,50-75,Nov 21 2023 03:30PM,RsaTrend
Nov 21 2023 03:30PM,Monarch Networth Capital Ltd,MONARCH,0-3000000,25-50,50-75,Nov 21 2023 03:30PM,RsaTrend
Nov 21 2023 03:30PM,Orient Cement Ltd,ORIENTCEM,0-3000000,25-50,50-75,Nov 21 2023 03:30PM,RsaTrend
Nov 21 2023 03:30PM,Metro Brands Ltd,METROBRAND,0-3000000,25-50,50-75,Nov 21 2023 03:30PM,RsaTrend
Nov 22 2023 03:30PM,Blue Star Ltd,BLUESTARCO,0-3000000,0-25,25-50,Nov 22 2023 03:30PM,RsaTrend
Nov 22 2023 03:30PM,Monarch Networth Capital Ltd,MONARCH,0-3000000,25-50,25-50,Nov 22 2023 03:30PM,RsaTrend
Nov 22 2023 03:30PM,Phoenix Mills Ltd,PHOENIXLTD,0-3000000,25-50,25-50,Nov 22 2023 03:30PM,RsaTrend
Nov 22 2023 03:30PM,Orient Cement Ltd,ORIENTCEM,0-3000000,0-25,50-75,Nov 22 2023 03:30PM,RsaTrend
Nov 22 2023 03:30PM,Arvind Fashions Ltd,ARVINDFASN,0-3000000,50-75,50-75,Nov 22 2023 03:30PM,RsaTrend
Nov 23 2023 03:30PM,Eicher Motors Ltd,EICHERMOT,0-3000000,25-50,50-75,Nov 23 2023 03:30PM,RsaTrend
Nov 23 2023 03:30PM,Apollo Hospitals Enterprise Ltd,APOLLOHOSP,0-3000000,25-50,50-75,Nov 23 2023 03:30PM,RsaTrend
Nov 23 2023 03:30PM,Lumax Industries Ltd,LUMAXIND,0-3000000,25-50,50-75,Nov 23 2023 03:30PM,RsaTrend
Nov 23 2023 03:30PM,Vardhman Textiles Ltd,VTL,0-3000000,50-75,50-75,Nov 23 2023 03:30PM,RsaTrend
Nov 23 2023 03:30PM,Monarch Networth Capital Ltd,MONARCH,0-3000000,0-25,50-75,Nov 23 2023 03:30PM,RsaTrendPDCB
Nov 23 2023 03:30PM,Onward Technologies Ltd,ONWARDTEC,0-3000000,25-50,50-75,Nov 23 2023 03:30PM,RsaTrend
Nov 23 2023 03:30PM,Shilpa Medicare Ltd,SHILPAMED,0-3000000,0-25,50-75,Nov 23 2023 03:30PM,RsaTrend
Nov 23 2023 03:30PM,Birlasoft Ltd,BSOFT,0-3000000,25-50,50-75,Nov 23 2023 03:30PM,RsaTrend
Nov 23 2023 03:30PM,Tube Investments of India Ltd,TIINDIA,0-3000000,25-50,50-75,Nov 23 2023 03:30PM,RsaTrend
Nov 23 2023 03:30PM,Quess Corp Ltd,QUESS,0-3000000,25-50,25-50,Nov 23 2023 03:30PM,RsaTrend
Nov 24 2023 03:30PM,Vardhman Textiles Ltd,VTL,0-3000000,25-50,50-75,Nov 24 2023 03:30PM,RsaTrend
Nov 24 2023 03:30PM,Monarch Networth Capital Ltd,MONARCH,0-3000000,0-25,50-75,Nov 24 2023 03:30PM,RsaTrend
Nov 24 2023 03:30PM,Caplin Point Laboratories Ltd,CAPLIPOINT,0-3000000,0-25,25-50,Nov 24 2023 03:30PM,RsaTrend
Nov 24 2023 03:30PM,Aurobindo Pharma Ltd,AUROPHARMA,0-3000000,25-50,50-75,Nov 24 2023 03:30PM,RsaTrend
Nov 24 2023 03:30PM,General Insurance Corporation of India,GICRE,3000000-8000000,50-75,75-100,Nov 24 2023 03:30PM,RsaTrend
Nov 24 2023 03:30PM,Ahluwalia Contracts (India) Ltd,AHLUCONT,0-3000000,0-25,50-75,Nov 24 2023 03:30PM,RsaTrend
Nov 24 2023 03:30PM,Jyothy Labs Ltd,JYOTHYLAB,0-3000000,0-25,25-50,Nov 24 2023 03:30PM,RsaTrend
Nov 24 2023 03:30PM,Ramkrishna Forgings Ltd,RKFORGE,0-3000000,0-25,50-75,Nov 24 2023 03:30PM,RsaTrend
Nov 24 2023 03:30PM,Coforge Ltd,COFORGE,0-3000000,0-25,50-75,Nov 24 2023 03:30PM,RsaTrend
Nov 24 2023 03:30PM,JSW Energy Ltd,JSWENERGY,0-3000000,25-50,50-75,Nov 24 2023 03:30PM,RsaTrend
Nov 24 2023 03:30PM,Action Construction Equipment Ltd,ACE,0-3000000,25-50,25-50,Nov 24 2023 03:30PM,RsaTrend
Nov 24 2023 03:30PM,Jupiter Wagons Ltd,JWL,0-3000000,0-25,50-75,Nov 24 2023 03:30PM,RsaTrend
Nov 24 2023 03:30PM,Tube Investments of India Ltd,TIINDIA,0-3000000,25-50,50-75,Nov 24 2023 03:30PM,RsaTrend
Nov 24 2023 03:30PM,Parag Milk Foods Ltd,PARAGMILK,0-3000000,0-25,50-75,Nov 24 2023 03:30PM,RsaTrend
Nov 24 2023 03:30PM,Computer Age Management Services Ltd,CAMS,0-3000000,0-25,25-50,Nov 24 2023 03:30PM,RsaTrend
Nov 24 2023 03:30PM,Vardhman Textiles Ltd,VTL,0-3000000,25-50,50-75,Nov 24 2023 03:30PM,RsaTrend
Nov 24 2023 03:30PM,Monarch Networth Capital Ltd,MONARCH,0-3000000,0-25,50-75,Nov 24 2023 03:30PM,RsaTrend
Nov 24 2023 03:30PM,Caplin Point Laboratories Ltd,CAPLIPOINT,0-3000000,0-25,25-50,Nov 24 2023 03:30PM,RsaTrend
Nov 24 2023 03:30PM,Aurobindo Pharma Ltd,AUROPHARMA,0-3000000,25-50,50-75,Nov 24 2023 03:30PM,RsaTrend
Nov 24 2023 03:30PM,General Insurance Corporation of India,GICRE,3000000-8000000,50-75,75-100,Nov 24 2023 03:30PM,RsaTrend
Nov 24 2023 03:30PM,Ahluwalia Contracts (India) Ltd,AHLUCONT,0-3000000,0-25,50-75,Nov 24 2023 03:30PM,RsaTrend
Nov 24 2023 03:30PM,Jyothy Labs Ltd,JYOTHYLAB,0-3000000,0-25,25-50,Nov 24 2023 03:30PM,RsaTrend
Nov 24 2023 03:30PM,Ramkrishna Forgings Ltd,RKFORGE,0-3000000,0-25,50-75,Nov 24 2023 03:30PM,RsaTrend
Nov 24 2023 03:30PM,Coforge Ltd,COFORGE,0-3000000,0-25,50-75,Nov 24 2023 03:30PM,RsaTrend
Nov 24 2023 03:30PM,JSW Energy Ltd,JSWENERGY,0-3000000,25-50,50-75,Nov 24 2023 03:30PM,RsaTrend
Nov 24 2023 03:30PM,Action Construction Equipment Ltd,ACE,0-3000000,25-50,25-50,Nov 24 2023 03:30PM,RsaTrend
Nov 24 2023 03:30PM,Jupiter Wagons Ltd,JWL,0-3000000,0-25,50-75,Nov 24 2023 03:30PM,RsaTrend
Nov 24 2023 03:30PM,Tube Investments of India Ltd,TIINDIA,0-3000000,25-50,50-75,Nov 24 2023 03:30PM,RsaTrend
Nov 24 2023 03:30PM,Parag Milk Foods Ltd,PARAGMILK,0-3000000,0-25,50-75,Nov 24 2023 03:30PM,RsaTrend
Nov 24 2023 03:30PM,Computer Age Management Services Ltd,CAMS,0-3000000,0-25,25-50,Nov 24 2023 03:30PM,RsaTrend
Nov 28 2023 03:30PM,Caplin Point Laboratories Ltd,CAPLIPOINT,0-3000000,0-25,50-75,Nov 28 2023 03:30PM,RsaTrend
Nov 28 2023 03:30PM,Jindal Stainless Ltd,JSL,0-3000000,0-25,50-75,Nov 28 2023 03:30PM,RsaTrend
Nov 28 2023 03:30PM,Motilal Oswal Financial Services Ltd,MOTILALOFS,0-3000000,0-25,50-75,Nov 28 2023 03:30PM,RsaTrend
Nov 29 2023 03:30PM,Eicher Motors Ltd,EICHERMOT,0-3000000,0-25,25-50,Nov 29 2023 03:30PM,RsaTrend
Nov 29 2023 03:30PM,Monarch Networth Capital Ltd,MONARCH,0-3000000,25-50,50-75,Nov 29 2023 03:30PM,RsaTrend
Nov 29 2023 03:30PM,Caplin Point Laboratories Ltd,CAPLIPOINT,0-3000000,0-25,50-75,Nov 29 2023 03:30PM,RsaTrend
Nov 29 2023 03:30PM,Aurobindo Pharma Ltd,AUROPHARMA,0-3000000,0-25,25-50,Nov 29 2023 03:30PM,RsaTrend
Nov 29 2023 03:30PM,TVS Motor Company Ltd,TVSMOTOR,0-3000000,50-75,75-100,Nov 29 2023 03:30PM,RsaTrend
Nov 29 2023 03:30PM,Bharat Dynamics Ltd,BDL,0-3000000,25-50,50-75,Nov 29 2023 03:30PM,RsaTrend
Nov 29 2023 03:30PM,Gravita India Ltd,GRAVITA,0-3000000,25-50,25-50,Nov 29 2023 03:30PM,RsaTrend
Nov 29 2023 03:30PM,Angel One Ltd,ANGELONE,0-3000000,0-25,50-75,Nov 29 2023 03:30PM,RsaTrendPDCB
Nov 29 2023 03:30PM,Tube Investments of India Ltd,TIINDIA,0-3000000,0-25,50-75,Nov 29 2023 03:30PM,RsaTrend
Nov 29 2023 03:30PM,Gulf Oil Lubricants India Ltd,GULFOILLUB,0-3000000,50-75,50-75,Nov 29 2023 03:30PM,RsaTrend
Nov 30 2023 03:30PM,BASF India Ltd,BASF,0-3000000,0-25,25-50,Nov 30 2023 03:30PM,RsaTrend
Nov 30 2023 03:30PM,Blue Star Ltd,BLUESTARCO,0-3000000,0-25,50-75,Nov 30 2023 03:30PM,RsaTrend
Nov 30 2023 03:30PM,Mphasis Ltd,MPHASIS,0-3000000,0-25,50-75,Nov 30 2023 03:30PM,RsaTrend
Nov 30 2023 03:30PM,Monarch Networth Capital Ltd,MONARCH,0-3000000,25-50,50-75,Nov 30 2023 03:30PM,RsaTrend
Nov 30 2023 03:30PM,Caplin Point Laboratories Ltd,CAPLIPOINT,0-3000000,25-50,50-75,Nov 30 2023 03:30PM,RsaTrend
Nov 30 2023 03:30PM,Sanghvi Movers Ltd,SANGHVIMOV,0-3000000,0-25,25-50,Nov 30 2023 03:30PM,RsaTrend
Nov 30 2023 03:30PM,Bharat Dynamics Ltd,BDL,0-3000000,0-25,50-75,Nov 30 2023 03:30PM,RsaTrend
Nov 30 2023 03:30PM,Solar Industries India Ltd,SOLARINDS,0-3000000,25-50,25-50,Nov 30 2023 03:30PM,RsaTrend
Nov 30 2023 03:30PM,Macrotech Developers Ltd,LODHA,3000000-8000000,0-25,50-75,Nov 30 2023 03:30PM,RsaTrend
Nov 30 2023 03:30PM,PG Electroplast Ltd,PGEL,0-3000000,0-25,50-75,Nov 30 2023 03:30PM,RsaTrendPDCB
Nov 30 2023 03:30PM,Latent View Analytics Ltd,LATENTVIEW,0-3000000,25-50,50-75,Nov 30 2023 03:30PM,RsaTrend
Nov 30 2023 03:30PM,PB Fintech Ltd,POLICYBZR,0-3000000,0-25,50-75,Nov 30 2023 03:30PM,RsaTrendPDCB
Nov 30 2023 03:30PM,Kalyan Jewellers India Ltd,KALYANKJIL,0-3000000,0-25,25-50,Nov 30 2023 03:30PM,RsaTrend
Nov 30 2023 03:30PM,Antony Waste Handling Cell Ltd,AWHCL,0-3000000,0-25,50-75,Nov 30 2023 03:30PM,RsaTrend
Nov 30 2023 03:30PM,Bharat Wire Ropes Ltd,BHARATWIRE,0-3000000,0-25,25-50,Nov 30 2023 03:30PM,RsaTrend
Nov 30 2023 03:30PM,Sapphire Foods India Ltd,SAPPHIRE,0-3000000,0-25,25-50,Nov 30 2023 03:30PM,RsaTrend
Nov 30 2023 03:30PM,India Pesticides Ltd,IPL,0-3000000,25-50,50-75,Nov 30 2023 03:30PM,RsaTrendPDCB
Nov 30 2023 03:30PM,Vijaya Diagnostic Centre Ltd,VIJAYA,0-3000000,0-25,50-75,Nov 30 2023 03:30PM,RsaTrend
Dec 01 2023 03:30PM,India Cements Ltd,INDIACEM,0-3000000,50-75,50-75,Dec 01 2023 03:30PM,RsaTrend
Dec 01 2023 03:30PM,Marathon Nextgen Realty Ltd,MARATHON,0-3000000,0-25,50-75,Dec 01 2023 03:30PM,RsaTrend
Dec 01 2023 03:30PM,Nahar Spinning Mills Ltd,NAHARSPING,0-3000000,25-50,25-50,Dec 01 2023 03:30PM,RsaTrend
Dec 01 2023 03:30PM,Caplin Point Laboratories Ltd,CAPLIPOINT,0-3000000,25-50,50-75,Dec 01 2023 03:30PM,RsaTrend
Dec 01 2023 03:30PM,KEI Industries Ltd,KEI,0-3000000,25-50,50-75,Dec 01 2023 03:30PM,RsaTrend
Dec 01 2023 03:30PM,TVS Motor Company Ltd,TVSMOTOR,0-3000000,50-75,75-100,Dec 01 2023 03:30PM,RsaTrend
Dec 01 2023 03:30PM,Cyient Ltd,CYIENT,0-3000000,25-50,50-75,Dec 01 2023 03:30PM,RsaTrend
Dec 01 2023 03:30PM,Birlasoft Ltd,BSOFT,0-3000000,25-50,50-75,Dec 01 2023 03:30PM,RsaTrend
Dec 01 2023 03:30PM,Muthoot Finance Ltd,MUTHOOTFIN,0-3000000,50-75,50-75,Dec 01 2023 03:30PM,RsaTrend
Dec 01 2023 03:30PM,Adani Total Gas Ltd,ATGL,0-3000000,25-50,50-75,Dec 01 2023 03:30PM,RsaTrend
Dec 01 2023 03:30PM,Latent View Analytics Ltd,LATENTVIEW,0-3000000,25-50,50-75,Dec 01 2023 03:30PM,RsaTrend
Dec 01 2023 03:30PM,Kalyan Jewellers India Ltd,KALYANKJIL,0-3000000,0-25,50-75,Dec 01 2023 03:30PM,RsaTrend
Dec 01 2023 02:30PM,Greenlam Industries Ltd,GREENLAM,0-3000000,0-25,25-50,Dec 01 2023 02:30PM,RsaTrend
Dec 01 2023 02:30PM,Narayana Hrudayalaya Ltd,NH,0-3000000,0-25,25-50,Dec 01 2023 02:30PM,RsaTrend
Dec 01 2023 03:30PM,Computer Age Management Services Ltd,CAMS,0-3000000,0-25,50-75,Dec 01 2023 03:30PM,RsaTrend
Dec 01 2023 03:30PM,Aster DM Healthcare Ltd,ASTERDM,0-3000000,25-50,50-75,Dec 01 2023 03:30PM,RsaTrend
Dec 01 2023 03:30PM,Adani Green Energy Ltd,ADANIGREEN,0-3000000,25-50,50-75,Dec 01 2023 03:30PM,RsaTrend
Dec 01 2023 03:30PM,India Pesticides Ltd,IPL,0-3000000,25-50,50-75,Dec 01 2023 03:30PM,RsaTrend
Dec 04 2023 03:30PM,Nahar Spinning Mills Ltd,NAHARSPING,0-3000000,25-50,50-75,Dec 04 2023 03:30PM,RsaTrend
Dec 04 2023 03:30PM,Praj Industries Ltd,PRAJIND,0-3000000,0-25,50-75,Dec 04 2023 03:30PM,RsaTrend
Dec 04 2023 03:30PM,Indraprastha Medical Corporation Ltd,INDRAMEDCO,0-3000000,0-25,25-50,Dec 04 2023 03:30PM,RsaTrend
Dec 04 2023 03:30PM,Computer Age Management Services Ltd,CAMS,0-3000000,25-50,50-75,Dec 04 2023 03:30PM,RsaTrend
Dec 04 2023 03:30PM,Capacite Infraprojects Ltd,CAPACITE,0-3000000,25-50,50-75,Dec 04 2023 03:30PM,RsaTrend
Dec 04 2023 02:30PM,Adani Green Energy Ltd,ADANIGREEN,0-3000000,25-50,50-75,Dec 04 2023 02:30PM,RsaTrendPDCB
Dec 05 2023 03:30PM,Tinplate Company of India Ltd,TINPLATE,0-3000000,25-50,50-75,Dec 05 2023 03:30PM,RsaTrend
Dec 05 2023 03:30PM,Praj Industries Ltd,PRAJIND,0-3000000,0-25,50-75,Dec 05 2023 03:30PM,RsaTrend
Dec 05 2023 03:30PM,Monarch Networth Capital Ltd,MONARCH,0-3000000,25-50,50-75,Dec 05 2023 03:30PM,RsaTrend
Dec 05 2023 03:30PM,Caplin Point Laboratories Ltd,CAPLIPOINT,0-3000000,0-25,25-50,Dec 05 2023 03:30PM,RsaTrend
Dec 05 2023 03:30PM,TVS Motor Company Ltd,TVSMOTOR,0-3000000,50-75,50-75,Dec 05 2023 03:30PM,RsaTrend
Dec 05 2023 03:30PM,Brigade Enterprises Ltd,BRIGADE,0-3000000,50-75,50-75,Dec 05 2023 03:30PM,RsaTrend
Dec 05 2023 03:30PM,Quess Corp Ltd,QUESS,0-3000000,25-50,25-50,Dec 05 2023 03:30PM,RsaTrend
Dec 05 2023 03:30PM,Capacite Infraprojects Ltd,CAPACITE,0-3000000,0-25,25-50,Dec 05 2023 03:30PM,RsaTrend
Dec 06 2023 03:30PM,India Cements Ltd,INDIACEM,0-3000000,25-50,50-75,Dec 06 2023 03:30PM,RsaTrend
Dec 06 2023 03:30PM,Tinplate Company of India Ltd,TINPLATE,0-3000000,50-75,50-75,Dec 06 2023 03:30PM,RsaTrend
Dec 06 2023 03:30PM,Vardhman Textiles Ltd,VTL,0-3000000,0-25,25-50,Dec 06 2023 03:30PM,RsaTrend
Dec 06 2023 03:30PM,Praj Industries Ltd,PRAJIND,0-3000000,0-25,50-75,Dec 06 2023 03:30PM,RsaTrend
Dec 06 2023 03:30PM,Monarch Networth Capital Ltd,MONARCH,0-3000000,0-25,50-75,Dec 06 2023 03:30PM,RsaTrend
Dec 06 2023 03:30PM,Ahluwalia Contracts (India) Ltd,AHLUCONT,0-3000000,25-50,50-75,Dec 06 2023 03:30PM,RsaTrend
Dec 06 2023 03:30PM,Poly Medicure Ltd,POLYMED,0-3000000,25-50,50-75,Dec 06 2023 03:30PM,RsaTrendTrianglePatternWithHAPDCB
Dec 06 2023 03:30PM,AU Small Finance Bank Ltd,AUBANK,0-3000000,0-25,25-50,Dec 06 2023 03:30PM,RsaTrend
Dec 06 2023 03:30PM,Quess Corp Ltd,QUESS,0-3000000,0-25,25-50,Dec 06 2023 03:30PM,RsaTrend
Dec 06 2023 03:30PM,Share India Securities Ltd,SHAREINDIA,0-3000000,0-25,50-75,Dec 06 2023 03:30PM,RsaTrend
Dec 06 2023 03:30PM,KPIT Technologies Ltd,KPITTECH,0-3000000,25-50,25-50,Dec 06 2023 03:30PM,RsaTrend
Dec 07 2023 03:30PM,Monarch Networth Capital Ltd,MONARCH,0-3000000,0-25,25-50,Dec 07 2023 03:30PM,RsaTrend
Dec 07 2023 03:30PM,Indoco Remedies Ltd,INDOCO,0-3000000,25-50,50-75,Dec 07 2023 03:30PM,RsaTrend
Dec 07 2023 03:30PM,Gokaldas Exports Ltd,GOKEX,0-3000000,25-50,25-50,Dec 07 2023 03:30PM,RsaTrend
Dec 07 2023 03:30PM,Jyothy Labs Ltd,JYOTHYLAB,0-3000000,25-50,50-75,Dec 07 2023 03:30PM,RsaTrend
Dec 07 2023 03:30PM,Central Depository Services (India) Ltd,CDSL,0-3000000,0-25,25-50,Dec 07 2023 03:30PM,RsaTrend
Dec 07 2023 03:30PM,Brigade Enterprises Ltd,BRIGADE,0-3000000,25-50,25-50,Dec 07 2023 03:30PM,RsaTrend
Dec 07 2023 03:30PM,Anupam Rasayan India Ltd,ANURAS,0-3000000,25-50,50-75,Dec 07 2023 03:30PM,RsaTrend
Dec 07 2023 03:30PM,Prataap Snacks Ltd,DIAMONDYD,0-3000000,50-75,50-75,Dec 07 2023 03:30PM,RsaTrend
Dec 07 2023 03:30PM,KPIT Technologies Ltd,KPITTECH,0-3000000,25-50,25-50,Dec 07 2023 03:30PM,RsaTrend
Dec 08 2023 03:30PM,Great Eastern Shipping Company Ltd,GESHIP,0-3000000,0-25,50-75,Dec 08 2023 03:30PM,RsaTrend
Dec 08 2023 03:30PM,Caplin Point Laboratories Ltd,CAPLIPOINT,0-3000000,0-25,25-50,Dec 08 2023 03:30PM,RsaTrend
Dec 08 2023 03:30PM,Indiabulls Housing Finance Ltd,IBULHSGFIN,0-3000000,0-25,25-50,Dec 08 2023 03:30PM,RsaTrend
Dec 08 2023 03:30PM,Antony Waste Handling Cell Ltd,AWHCL,0-3000000,0-25,25-50,Dec 08 2023 03:30PM,RsaTrend
Dec 08 2023 03:30PM,Zota Health Care Ltd,ZOTA,0-3000000,25-50,50-75,Dec 08 2023 03:30PM,RsaTrend
Dec 08 2023 03:30PM,Suven Pharmaceuticals Ltd,SUVENPHAR,0-3000000,0-25,25-50,Dec 08 2023 03:30PM,RsaTrend
Dec 11 2023 02:30PM,CSB Bank Ltd,CSBBANK,0-3000000,0-25,25-50,Dec 11 2023 02:30PM,RsaTrend
Dec 11 2023 03:30PM,Lincoln Pharmaceuticals Ltd,LINCOLN,0-3000000,0-25,25-50,Dec 11 2023 03:30PM,RsaTrend
Dec 11 2023 03:30PM,Bharat Dynamics Ltd,BDL,0-3000000,25-50,50-75,Dec 11 2023 03:30PM,RsaTrend
Dec 11 2023 03:30PM,Zota Health Care Ltd,ZOTA,0-3000000,25-50,50-75,Dec 11 2023 03:30PM,RsaTrend
Dec 12 2023 03:30PM,Great Eastern Shipping Company Ltd,GESHIP,0-3000000,0-25,25-50,Dec 12 2023 03:30PM,RsaTrend
Dec 12 2023 03:30PM,Hero MotoCorp Ltd,HEROMOTOCO,0-3000000,0-25,50-75,Dec 12 2023 03:30PM,RsaTrend
Dec 12 2023 03:30PM,TVS Motor Company Ltd,TVSMOTOR,0-3000000,25-50,50-75,Dec 12 2023 03:30PM,RsaTrend
Dec 12 2023 03:30PM,Datamatics Global Services Ltd,DATAMATICS,0-3000000,25-50,25-50,Dec 12 2023 03:30PM,RsaTrend
Dec 12 2023 03:30PM,Coforge Ltd,COFORGE,0-3000000,25-50,50-75,Dec 12 2023 03:30PM,RsaTrend
Dec 12 2023 03:30PM,Dixon Technologies (India) Ltd,DIXON,0-3000000,50-75,50-75,Dec 12 2023 03:30PM,RsaTrend
Dec 12 2023 03:30PM,Anupam Rasayan India Ltd,ANURAS,0-3000000,25-50,50-75,Dec 12 2023 03:30PM,RsaTrend
Dec 12 2023 03:30PM,Aster DM Healthcare Ltd,ASTERDM,0-3000000,0-25,25-50,Dec 12 2023 03:30PM,RsaTrend
Dec 13 2023 03:30PM,Fineotex Chemical Ltd,FCL,0-3000000,0-25,25-50,Dec 13 2023 03:30PM,RsaTrend
Dec 13 2023 03:30PM,Vardhman Special Steels Ltd,VSSL,0-3000000,0-25,50-75,Dec 13 2023 03:30PM,RsaTrend
Dec 13 2023 03:30PM,Dodla Dairy Ltd,DODLA,0-3000000,25-50,50-75,Dec 13 2023 03:30PM,RsaTrend
Dec 13 2023 03:30PM,Capacite Infraprojects Ltd,CAPACITE,0-3000000,0-25,50-75,Dec 13 2023 03:30PM,RsaTrend
Dec 13 2023 03:30PM,India Pesticides Ltd,IPL,0-3000000,25-50,50-75,Dec 13 2023 03:30PM,RsaTrend
Dec 14 2023 03:30PM,India Cements Ltd,INDIACEM,0-3000000,25-50,50-75,Dec 14 2023 03:30PM,RsaTrend
Dec 14 2023 03:30PM,Adani Enterprises Ltd,ADANIENT,0-3000000,25-50,50-75,Dec 14 2023 03:30PM,RsaTrend
Dec 14 2023 03:30PM,LIC Housing Finance Ltd,LICHSGFIN,0-3000000,25-50,50-75,Dec 14 2023 03:30PM,RsaTrend
Dec 15 2023 03:30PM,LIC Housing Finance Ltd,LICHSGFIN,0-3000000,25-50,50-75,Dec 15 2023 03:30PM,RsaTrendPDCB
Dec 15 2023 03:30PM,Bharat Dynamics Ltd,BDL,0-3000000,0-25,50-75,Dec 15 2023 03:30PM,RsaTrend
Dec 15 2023 03:30PM,India Pesticides Ltd,IPL,0-3000000,0-25,50-75,Dec 15 2023 03:30PM,RsaTrend
Dec 18 2023 03:30PM,Tata Power Company Ltd,TATAPOWER,0-3000000,25-50,50-75,Dec 18 2023 03:30PM,RsaTrend
Dec 18 2023 03:30PM,Kirloskar Oil Engines Ltd,KIRLOSENG,0-3000000,50-75,50-75,Dec 18 2023 03:30PM,RsaTrend
Dec 18 2023 03:30PM,Gujarat Fluorochemicals Ltd,FLUOROCHEM,0-3000000,50-75,50-75,Dec 18 2023 03:30PM,RsaTrend
Dec 19 2023 03:30PM,Trent Ltd,TRENT,0-3000000,25-50,50-75,Dec 19 2023 03:30PM,RsaTrend
Dec 19 2023 03:30PM,Siemens Ltd,SIEMENS,0-3000000,25-50,50-75,Dec 19 2023 03:30PM,RsaTrend
Dec 19 2023 03:30PM,Mphasis Ltd,MPHASIS,0-3000000,25-50,50-75,Dec 19 2023 03:30PM,RsaTrend
Dec 19 2023 03:30PM,Poonawalla Fincorp Ltd,POONAWALLA,0-3000000,25-50,50-75,Dec 19 2023 03:30PM,RsaTrend
Dec 19 2023 03:30PM,General Insurance Corporation of India,GICRE,0-3000000,25-50,50-75,Dec 19 2023 03:30PM,RsaTrend
Dec 19 2023 03:30PM,India Pesticides Ltd,IPL,0-3000000,0-25,25-50,Dec 19 2023 03:30PM,RsaTrend
Dec 20 2023 03:30PM,Axis Bank Ltd,AXISBANK,0-3000000,0-25,25-50,Dec 20 2023 03:30PM,RsaTrend
Dec 20 2023 03:30PM,Bharat Wire Ropes Ltd,BHARATWIRE,0-3000000,0-25,25-50,Dec 20 2023 03:30PM,RsaTrend
Dec 21 2023 03:30PM,Suven Pharmaceuticals Ltd,SUVENPHAR,0-3000000,0-25,25-50,Dec 21 2023 03:30PM,RsaTrend
Dec 21 2023 02:30PM,India Pesticides Ltd,IPL,0-3000000,25-50,25-50,Dec 21 2023 02:30PM,RsaTrend
Dec 22 2023 03:30PM,Sansera Engineering Ltd,SANSERA,0-3000000,0-25,50-75,Dec 22 2023 03:30PM,RsaTrend
Dec 22 2023 03:30PM,Sansera Engineering Ltd,SANSERA,0-3000000,0-25,50-75,Dec 22 2023 03:30PM,RsaTrend
Dec 26 2023 03:30PM,Surya Roshni Ltd,SURYAROSNI,0-3000000,25-50,75-100,Dec 26 2023 03:30PM,RsaTrend
Dec 26 2023 03:30PM,KIOCL Ltd,KIOCL,0-3000000,25-50,50-75,Dec 26 2023 03:30PM,RsaTrend
Dec 26 2023 03:30PM,Thyrocare Technologies Ltd,THYROCARE,0-3000000,25-50,50-75,Dec 26 2023 03:30PM,RsaTrend
Dec 27 2023 03:30PM,Subros Ltd,SUBROS,0-3000000,0-25,50-75,Dec 27 2023 03:30PM,RsaTrend
Dec 27 2023 02:30PM,Balaji Amines Ltd,BALAMINES,0-3000000,25-50,50-75,Dec 27 2023 02:30PM,RsaTrend
Dec 27 2023 03:30PM,Cyient Ltd,CYIENT,0-3000000,0-25,50-75,Dec 27 2023 03:30PM,RsaTrend
Dec 27 2023 03:30PM,New Delhi Television Ltd,NDTV,0-3000000,0-25,50-75,Dec 27 2023 03:30PM,RsaTrend
Dec 27 2023 03:30PM,Aster DM Healthcare Ltd,ASTERDM,0-3000000,0-25,50-75,Dec 27 2023 03:30PM,RsaTrend
Dec 28 2023 02:30PM,Surya Roshni Ltd,SURYAROSNI,0-3000000,25-50,50-75,Dec 28 2023 02:30PM,RsaTrend
Dec 28 2023 03:30PM,Wockhardt Ltd,WOCKPHARMA,0-3000000,0-25,25-50,Dec 28 2023 03:30PM,RsaTrend
Dec 28 2023 03:30PM,NMDC Ltd,NMDC,3000000-8000000,25-50,50-75,Dec 28 2023 03:30PM,RsaTrend
Dec 28 2023 03:30PM,R Systems International Ltd,RSYSTEMS,0-3000000,0-25,25-50,Dec 28 2023 03:30PM,RsaTrend
Dec 28 2023 03:30PM,Aster DM Healthcare Ltd,ASTERDM,0-3000000,25-50,50-75,Dec 28 2023 03:30PM,RsaTrend
Dec 28 2023 03:30PM,Krsnaa Diagnostics Ltd,KRSNAA,0-3000000,0-25,25-50,Dec 28 2023 03:30PM,RsaTrend
Dec 28 2023 02:30PM,Gujarat Fluorochemicals Ltd,FLUOROCHEM,0-3000000,25-50,50-75,Dec 28 2023 02:30PM,RsaTrendPDCB
Dec 29 2023 03:30PM,Great Eastern Shipping Company Ltd,GESHIP,0-3000000,0-25,25-50,Dec 29 2023 03:30PM,RsaTrend
Dec 29 2023 03:30PM,Greenply Industries Ltd,GREENPLY,0-3000000,25-50,50-75,Dec 29 2023 03:30PM,RsaTrend
Dec 29 2023 03:30PM,Themis Medicare Ltd,THEMISMED,0-3000000,25-50,50-75,Dec 29 2023 03:30PM,RsaTrend
Dec 29 2023 03:30PM,Cyient Ltd,CYIENT,0-3000000,0-25,25-50,Dec 29 2023 03:30PM,RsaTrend
Dec 29 2023 03:30PM,Sansera Engineering Ltd,SANSERA,0-3000000,0-25,50-75,Dec 29 2023 03:30PM,RsaTrendPDCB
Dec 29 2023 03:30PM,Adani Transmission Ltd,ADANITRANS,0-3000000,0-25,25-50,Dec 29 2023 03:30PM,RsaTrend
Jan 01 2024 03:30PM,Shanthi Gears Ltd,SHANTIGEAR,0-3000000,25-50,50-75,Jan 01 2024 03:30PM,RsaTrend
Jan 01 2024 03:30PM,RBL Bank Ltd,RBLBANK,0-3000000,25-50,50-75,Jan 01 2024 03:30PM,RsaTrend
Jan 01 2024 03:30PM,Datamatics Global Services Ltd,DATAMATICS,0-3000000,0-25,50-75,Jan 01 2024 03:30PM,RsaTrend
Jan 01 2024 03:30PM,Jindal Stainless Ltd,JSL,0-3000000,25-50,50-75,Jan 01 2024 03:30PM,RsaTrend
Jan 01 2024 03:30PM,UltraTech Cement Ltd,ULTRACEMCO,0-3000000,25-50,50-75,Jan 01 2024 03:30PM,RsaTrend
Jan 01 2024 03:30PM,Tarsons Products Ltd,TARSONS,0-3000000,0-25,25-50,Jan 01 2024 03:30PM,RsaTrend
Jan 01 2024 03:30PM,Adani Transmission Ltd,ADANITRANS,0-3000000,0-25,50-75,Jan 01 2024 03:30PM,RsaTrend
Jan 02 2024 02:30PM,Hindalco Industries Ltd,HINDALCO,0-3000000,50-75,50-75,Jan 02 2024 02:30PM,RsaTrend
Jan 02 2024 03:30PM,New Delhi Television Ltd,NDTV,0-3000000,25-50,50-75,Jan 02 2024 03:30PM,RsaTrend
Jan 02 2024 03:30PM,Advanced Enzyme Technologies Ltd,ADVENZYMES,0-3000000,0-25,50-75,Jan 02 2024 03:30PM,RsaTrend
Jan 02 2024 03:30PM,Tega Industries Ltd,TEGA,0-3000000,0-25,50-75,Jan 02 2024 03:30PM,RsaTrend
Jan 02 2024 02:30PM,Sansera Engineering Ltd,SANSERA,0-3000000,0-25,50-75,Jan 02 2024 02:30PM,RsaTrend
Jan 03 2024 03:30PM,Voltas Ltd,VOLTAS,0-3000000,25-50,50-75,Jan 03 2024 03:30PM,RsaTrend
Jan 03 2024 03:30PM,Alkyl Amines Chemicals Ltd,ALKYLAMINE,0-3000000,0-25,50-75,Jan 03 2024 03:30PM,RsaTrend
Jan 03 2024 03:30PM,Sudarshan Chemical Industries Ltd,SUDARSCHEM,0-3000000,25-50,25-50,Jan 03 2024 03:30PM,RsaTrend
Jan 03 2024 03:30PM,Prestige Estates Projects Ltd,PRESTIGE,0-3000000,25-50,50-75,Jan 03 2024 03:30PM,RsaTrendPDCB
Jan 04 2024 03:30PM,Sansera Engineering Ltd,SANSERA,0-3000000,0-25,50-75,Jan 04 2024 03:30PM,RsaTrend
Jan 04 2024 03:30PM,India Pesticides Ltd,IPL,0-3000000,25-50,50-75,Jan 04 2024 03:30PM,RsaTrend
Jan 05 2024 03:30PM,Dodla Dairy Ltd,DODLA,0-3000000,25-50,50-75,Jan 05 2024 03:30PM,RsaTrend
Jan 08 2024 03:30PM,Aptus Value Housing Finance India Ltd,APTUS,0-3000000,0-25,25-50,Jan 08 2024 03:30PM,RsaTrend
Oct 25 2023 03:30PM,Novartis India Ltd,NOVARTIND,0-3000000,25-50,25-50,Oct 25 2023 03:30PM,RsaTrend
Jan 10 2024 03:30PM,Windlas Biotech Ltd,WINDLAS,0-3000000,0-25,25-50,Jan 10 2024 03:30PM,RsaTrend
Jan 10 2024 03:30PM,Anand Rathi Wealth Ltd,ANANDRATHI,0-3000000,25-50,50-75,Jan 10 2024 03:30PM,RsaTrend
Jan 11 2024 03:30PM,Ugro Capital Ltd,UGROCAP,0-3000000,25-50,50-75,Jan 11 2024 03:30PM,RsaTrend
Jan 11 2024 03:30PM,Anand Rathi Wealth Ltd,ANANDRATHI,0-3000000,25-50,50-75,Jan 11 2024 03:30PM,RsaTrendPDCB
Jan 11 2024 03:30PM,Paras Defence and Space Technologies Ltd,PARAS,0-3000000,0-25,50-75,Jan 11 2024 03:30PM,RsaTrend
Jan 11 2024 03:30PM,Glenmark Life Sciences Ltd,GLS,0-3000000,25-50,50-75,Jan 11 2024 03:30PM,RsaTrend
Jan 15 2024 03:30PM,Vijaya Diagnostic Centre Ltd,VIJAYA,0-3000000,0-25,25-50,Jan 15 2024 03:30PM,RsaTrend
Jan 15 2024 03:30PM,Fino Payments Bank Ltd,FINOPB,0-3000000,25-50,50-75,Jan 15 2024 03:30PM,RsaTrend
