ACC,SuperTrend,3,1
BERGEPAINT,SuperTrend,1,0
BHARATFORG,SuperTrend,2,1
GRAPHITE,SuperTrend,1,0
EXIDEIND,SuperTrend,2,0
CIPLA,SuperTrend,1,0
COROMANDEL,SuperTrend,2,0
EIHOTEL,SuperTrend,2,1
ELECON,SuperTrend,2,1
FINCABLES,SuperTrend,3,2
AGI,SuperTrend,2,1
ZENSARTECH,SuperTrend,1,0
INDIACEM,SuperTrend,1,0
IFBIND,SuperTrend,1,1
TRENT,SuperTrend,2,1
MFSL,SuperTrend,2,0
PEL,SuperTrend,2,0
SURYAROSNI,SuperTrend,2,1
RALLIS,SuperTrend,3,0
RAYMOND,SuperTrend,1,1
SRF,SuperTrend,3,1
TATACHEM,SuperTrend,3,1
TATAPOWER,SuperTrend,3,0
TATAMOTORS,SuperTrend,2,1
TIRUMALCHM,SuperTrend,3,0
UNICHEMLAB,SuperTrend,2,2
VOLTAS,SuperTrend,3,0
VIPIND,SuperTrend,2,1
VINDHYATEL,SuperTrend,3,2
SUDARSCHEM,SuperTrend,1,1
GMMPFAUDLR,SuperTrend,3,0
MPHASIS,SuperTrend,3,1
PRAJIND,SuperTrend,3,3
AVANTIFEED,SuperTrend,1,1
MAYURUNIQ,SuperTrend,3,1
LICHSGFIN,SuperTrend,2,1
HIKAL,SuperTrend,2,0
KALPATPOWR,SuperTrend,2,1
AUROPHARMA,SuperTrend,1,0
NATCOPHARM,SuperTrend,2,0
SANGHVIMOV,SuperTrend,1,1
POONAWALLA,SuperTrend,2,1
SHILPAMED,SuperTrend,3,0
OIL,SuperTrend,3,1
GICRE,SuperTrend,1,0
CSBBANK,SuperTrend,1,0
HCLTECH,SuperTrend,3,1
JKPAPER,SuperTrend,1,1
KTKBANK,SuperTrend,2,0
RBLBANK,SuperTrend,4,1
KRBL,SuperTrend,2,0
ZYDUSWELL,SuperTrend,2,0
TIPSINDLTD,SuperTrend,2,1
NTPC,SuperTrend,2,1
PFC,SuperTrend,3,3
APLAPOLLO,SuperTrend,2,1
KIOCL,SuperTrend,1,0
MARICO,SuperTrend,2,1
GOKEX,SuperTrend,3,2
HATSUN,SuperTrend,1,0
NEWGEN,SuperTrend,1,1
JYOTHYLAB,SuperTrend,1,0
BIOCON,SuperTrend,2,0
ACCELYA,SuperTrend,4,0
DOLLAR,SuperTrend,1,0
VAIBHAVGBL,SuperTrend,3,1
PERSISTENT,SuperTrend,4,2
TORNTPOWER,SuperTrend,4,1
ADVENZYMES,SuperTrend,1,0
RSYSTEMS,SuperTrend,2,1
MAHLIFE,SuperTrend,2,1
ZYDUSLIFE,SuperTrend,2,0
OLECTRA,SuperTrend,2,1
AIAENG,SuperTrend,3,0
JBMA,SuperTrend,3,1
LXCHEM,SuperTrend,2,1
VBL,SuperTrend,2,0
JSL,SuperTrend,1,0
COFORGE,SuperTrend,2,0
CHALET,SuperTrend,1,0
SAKSOFT,SuperTrend,2,0
POLYCAB,SuperTrend,2,1
ACE,SuperTrend,1,0
ASTRAL,SuperTrend,2,0
MOTILALOFS,SuperTrend,1,0
BRIGADE,SuperTrend,1,1
KNRCON,SuperTrend,2,0
NAZARA,SuperTrend,1,0
KIRLOSENG,SuperTrend,2,1
SPANDANA,SuperTrend,1,1
MTARTECH,SuperTrend,1,1
UJJIVAN,SuperTrend,3,0
TEJASNET,SuperTrend,1,1
CREDITACC,SuperTrend,1,0
SIS,SuperTrend,1,1
PGEL,SuperTrend,2,2
ANGELONE,SuperTrend,4,2
APLLTD,SuperTrend,1,1
RHIM,SuperTrend,2,0
HCG,SuperTrend,1,1
WONDERLA,SuperTrend,2,0
GULFOILLUB,SuperTrend,2,0
LAURUSLABS,SuperTrend,2,1
CAMS,SuperTrend,2,1
INTELLECT,SuperTrend,3,0
CROMPTON,SuperTrend,1,1
ANURAS,SuperTrend,1,0
MAXVIL,SuperTrend,1,0
PRICOLLTD,SuperTrend,3,1
BANDHANBNK,SuperTrend,2,1
ASTERDM,SuperTrend,1,1
PSPPROJECT,SuperTrend,1,0
DALBHARAT,SuperTrend,3,1
SHAREINDIA,SuperTrend,2,0
HOMEFIRST,SuperTrend,2,0
ROUTE,SuperTrend,2,0
KPITTECH,SuperTrend,3,0
SIRCA,SuperTrend,1,0
FLUOROCHEM,SuperTrend,3,1
SUVENPHAR,SuperTrend,1,0
JUBLINGREA,SuperTrend,3,0
DEEPAKNTR,SuperTrend,3,0
GESHIP,SuperTrend,1,1
PEL,SuperTrend,2,0
TATACHEM,SuperTrend,4,1
TATAPOWER,SuperTrend,3,0
TATAMOTORS,SuperTrend,2,1
POWERGRID,SuperTrend,5,1
HCLTECH,SuperTrend,3,1
TVSMOTOR,SuperTrend,2,1
HAL,SuperTrend,3,0
GODREJPROP,SuperTrend,3,1
MCX,SuperTrend,3,2
BRIGADE,SuperTrend,1,1
MASFIN,SuperTrend,2,1
DEEPAKNTR,SuperTrend,3,0
HCLTECH,SuperTrend,3,1
GODREJPROP,SuperTrend,3,1
DIXON,SuperTrend,2,2
MAHLOG,SuperTrend,2,0
MASFIN,SuperTrend,2,1
KTKBANK,SuperTrend,1,0
MARATHON,SuperTrend,1,0
KTKBANK,SuperTrend,1,0
SATIN,SuperTrend,1,0
RAMKY,SuperTrend,2,0
UJJIVAN,SuperTrend,2,0
SUVENPHAR,SuperTrend,1,0
ANDHRAPAP,SuperTrend,2,0
BALKRISIND,SuperTrend,3,2
BLUESTARCO,SuperTrend,2,0
KIRLOSBROS,SuperTrend,1,0
GODFRYPHLP,SuperTrend,2,2
MARATHON,SuperTrend,1,0
LICHSGFIN,SuperTrend,2,1
CSBBANK,SuperTrend,1,0
INDIANB,SuperTrend,2,1
NUCLEUS,SuperTrend,3,1
DLF,SuperTrend,3,1
RAMCOSYS,SuperTrend,1,0
GRANULES,SuperTrend,3,1
PRESTIGE,SuperTrend,2,1
MGL,SuperTrend,2,1
MIDHANI,SuperTrend,1,0
SATIN,SuperTrend,1,0
STAR,SuperTrend,2,0
RECLTD,SuperTrend,2,1
TANLA,SuperTrend,2,1
SAKSOFT,SuperTrend,1,0
SOBHA,SuperTrend,2,0
RAMKY,SuperTrend,2,0
UJJIVAN,SuperTrend,2,0
KALYANKJIL,SuperTrend,2,0
CARTRADE,SuperTrend,1,1
KPITTECH,SuperTrend,2,0
SUVENPHAR,SuperTrend,1,0
ANDHRAPAP,SuperTrend,2,0
BALKRISIND,SuperTrend,3,2
BLUESTARCO,SuperTrend,2,0
EICHERMOT,SuperTrend,2,1
ELECON,SuperTrend,2,1
EVERESTIND,SuperTrend,2,0
GRASIM,SuperTrend,2,0
HEG,SuperTrend,2,1
KIRLOSBROS,SuperTrend,1,0
MANGLMCEM,SuperTrend,2,2
BOSCHLTD,SuperTrend,3,3
SURYAROSNI,SuperTrend,3,1
SUNDARMFIN,SuperTrend,2,2
CHOLAHLDNG,SuperTrend,1,0
GODFRYPHLP,SuperTrend,2,2
MARATHON,SuperTrend,1,0
VIPIND,SuperTrend,2,1
TI,SuperTrend,1,0
PITTIENG,SuperTrend,1,1
SPLPETRO,SuperTrend,1,1
BAJFINANCE,SuperTrend,3,0
LICHSGFIN,SuperTrend,2,1
HERITGFOOD,SuperTrend,1,1
GICHSGFIN,SuperTrend,2,1
KITEX,SuperTrend,2,0
SANGHVIMOV,SuperTrend,1,1
CSBBANK,SuperTrend,1,0
JKPAPER,SuperTrend,1,1
KTKBANK,SuperTrend,1,0
RBLBANK,SuperTrend,4,0
INDIANB,SuperTrend,2,1
NUCLEUS,SuperTrend,3,1
DLF,SuperTrend,3,1
WELCORP,SuperTrend,2,2
TIPSINDLTD,SuperTrend,2,1
RAMCOSYS,SuperTrend,1,0
GRANULES,SuperTrend,3,1
POKARNA,SuperTrend,2,2
MGL,SuperTrend,2,1
MIDHANI,SuperTrend,1,0
JYOTHYLAB,SuperTrend,1,0
DOLLAR,SuperTrend,2,0
SATIN,SuperTrend,1,0
STAR,SuperTrend,2,0
RECLTD,SuperTrend,2,1
ADVENZYMES,SuperTrend,1,0
IGL,SuperTrend,3,1
HDFCAMC,SuperTrend,2,2
WELENT,SuperTrend,1,1
CIGNITITEC,SuperTrend,1,0
IIFL,SuperTrend,2,1
PRECAM,SuperTrend,2,1
UTTAMSUGAR,SuperTrend,2,1
TANLA,SuperTrend,3,1
REPCOHOME,SuperTrend,1,0
SKIPPER,SuperTrend,2,0
SAKSOFT,SuperTrend,1,0
POLYCAB,SuperTrend,2,1
KKCL,SuperTrend,2,0
SOBHA,SuperTrend,2,0
MOTILALOFS,SuperTrend,1,0
JKIL,SuperTrend,2,2
RAMKY,SuperTrend,2,0
SPANDANA,SuperTrend,1,1
UJJIVAN,SuperTrend,2,0
DBL,SuperTrend,1,1
SIS,SuperTrend,1,1
SHALBY,SuperTrend,1,1
INOXWIND,SuperTrend,2,0
PARAGMILK,SuperTrend,1,1
LAURUSLABS,SuperTrend,2,1
CARTRADE,SuperTrend,1,1
METROPOLIS,SuperTrend,3,2
PRICOLLTD,SuperTrend,3,1
SHAREINDIA,SuperTrend,2,1
KPITTECH,SuperTrend,3,0
LIKHITHA,SuperTrend,4,0
SUVENPHAR,SuperTrend,1,0
VIJAYA,SuperTrend,1,0
ANDHRAPAP,SuperTrend,2,0
BALKRISIND,SuperTrend,3,2
BLUESTARCO,SuperTrend,2,0
EICHERMOT,SuperTrend,2,1
ELECON,SuperTrend,2,1
EVERESTIND,SuperTrend,2,0
NESTLEIND,SuperTrend,2,0
GABRIEL,SuperTrend,1,0
GESHIP,SuperTrend,1,1
HEROMOTOCO,SuperTrend,3,1
HEG,SuperTrend,2,1
WHIRLPOOL,SuperTrend,1,0
KSB,SuperTrend,2,0
BOSCHLTD,SuperTrend,4,3
SUNDARMFIN,SuperTrend,2,2
TALBROAUTO,SuperTrend,1,0
UNIVCABLES,SuperTrend,2,0
WSTCSTPAPR,SuperTrend,1,0
GODFRYPHLP,SuperTrend,2,2
MARATHON,SuperTrend,1,0
PATANJALI,SuperTrend,3,1
VIPIND,SuperTrend,2,1
GMMPFAUDLR,SuperTrend,3,0
TI,SuperTrend,1,0
PRAJIND,SuperTrend,2,2
PITTIENG,SuperTrend,1,1
SPLPETRO,SuperTrend,1,1
BAJFINANCE,SuperTrend,3,0
MAYURUNIQ,SuperTrend,3,1
LICHSGFIN,SuperTrend,2,1
CAPLIPOINT,SuperTrend,1,0
GICHSGFIN,SuperTrend,2,1
KITEX,SuperTrend,2,0
KEI,SuperTrend,2,0
SANGHVIMOV,SuperTrend,1,1
OIL,SuperTrend,3,1
POWERGRID,SuperTrend,4,0
CSBBANK,SuperTrend,1,0
JKPAPER,SuperTrend,1,1
KTKBANK,SuperTrend,1,0
RBLBANK,SuperTrend,3,0
INDIANB,SuperTrend,2,1
NUCLEUS,SuperTrend,3,1
PHOENIXLTD,SuperTrend,1,0
DLF,SuperTrend,3,1
TVSMOTOR,SuperTrend,1,1
COALINDIA,SuperTrend,2,0
APLAPOLLO,SuperTrend,1,1
RAMCOSYS,SuperTrend,1,0
GRANULES,SuperTrend,3,1
MAZDOCK,SuperTrend,1,0
GOKEX,SuperTrend,2,2
PRESTIGE,SuperTrend,2,1
MGL,SuperTrend,2,1
MIDHANI,SuperTrend,1,0
JUBLFOOD,SuperTrend,2,0
ACCELYA,SuperTrend,3,0
BHARTIARTL,SuperTrend,1,0
SATIN,SuperTrend,1,0
PNBHOUSING,SuperTrend,2,1
BSOFT,SuperTrend,2,0
STAR,SuperTrend,2,0
ADVENZYMES,SuperTrend,1,0
TRIVENI,SuperTrend,3,1
CDSL,SuperTrend,3,1
BSE,SuperTrend,2,0
HDFCAMC,SuperTrend,2,2
WELENT,SuperTrend,1,1
CIGNITITEC,SuperTrend,1,0
IIFL,SuperTrend,2,1
UTIAMC,SuperTrend,3,0
TANLA,SuperTrend,3,1
REPCOHOME,SuperTrend,1,0
SAKSOFT,SuperTrend,1,0
POLYCAB,SuperTrend,2,1
SOBHA,SuperTrend,2,0
KSCL,SuperTrend,2,0
MOTILALOFS,SuperTrend,1,0
JKIL,SuperTrend,2,2
KNRCON,SuperTrend,1,0
RAMKY,SuperTrend,2,0
PNCINFRA,SuperTrend,2,0
VARROC,SuperTrend,3,2
INDIGO,SuperTrend,2,1
KIRLOSENG,SuperTrend,2,1
SPANDANA,SuperTrend,1,1
UJJIVAN,SuperTrend,2,0
BFINVEST,SuperTrend,2,0
SIS,SuperTrend,1,1
ANGELONE,SuperTrend,4,2
APLLTD,SuperTrend,1,1
THYROCARE,SuperTrend,3,1
PARAGMILK,SuperTrend,1,1
LAURUSLABS,SuperTrend,2,1
METROPOLIS,SuperTrend,3,2
BHARATWIRE,SuperTrend,1,0
PRICOLLTD,SuperTrend,3,1
SHAREINDIA,SuperTrend,2,1
HOMEFIRST,SuperTrend,2,0
ARVINDFASN,SuperTrend,3,1
KPITTECH,SuperTrend,3,0
LIKHITHA,SuperTrend,4,0
SUVENPHAR,SuperTrend,1,0
VIJAYA,SuperTrend,1,0
BIRLACORPN,SuperTrend,2,0
BLUESTARCO,SuperTrend,2,0
ELECON,SuperTrend,2,1
GABRIEL,SuperTrend,1,0
GESHIP,SuperTrend,1,1
HEROMOTOCO,SuperTrend,3,1
HINDUNILVR,SuperTrend,2,0
LINDEINDIA,SuperTrend,3,1
WHIRLPOOL,SuperTrend,1,0
KIRLOSBROS,SuperTrend,1,0
SURYAROSNI,SuperTrend,3,1
JKLAKSHMI,SuperTrend,2,1
SUPREMEIND,SuperTrend,1,1
TALBROAUTO,SuperTrend,2,0
TATACONSUM,SuperTrend,1,0
WSTCSTPAPR,SuperTrend,1,0
ADORWELD,SuperTrend,1,1
PITTIENG,SuperTrend,1,1
SPLPETRO,SuperTrend,1,1
BAJFINANCE,SuperTrend,3,0
JINDALPOLY,SuperTrend,2,0
LICHSGFIN,SuperTrend,2,1
RAJRATAN,SuperTrend,2,0
HERITGFOOD,SuperTrend,1,1
CAPLIPOINT,SuperTrend,1,0
KALPATPOWR,SuperTrend,2,1
GICHSGFIN,SuperTrend,2,1
KITEX,SuperTrend,2,0
OIL,SuperTrend,2,1
POWERGRID,SuperTrend,4,0
CSBBANK,SuperTrend,1,0
KTKBANK,SuperTrend,1,0
RBLBANK,SuperTrend,3,1
INDIANB,SuperTrend,2,1
NUCLEUS,SuperTrend,3,1
PHOENIXLTD,SuperTrend,1,0
SUNTECK,SuperTrend,2,1
DLF,SuperTrend,3,1
AGARIND,SuperTrend,2,1
WELCORP,SuperTrend,2,2
TVSMOTOR,SuperTrend,1,1
NTPC,SuperTrend,2,1
COALINDIA,SuperTrend,2,0
PFC,SuperTrend,2,2
APLAPOLLO,SuperTrend,2,1
RAMCOSYS,SuperTrend,1,0
GRANULES,SuperTrend,3,1
PRESTIGE,SuperTrend,2,1
POKARNA,SuperTrend,2,2
MGL,SuperTrend,2,1
MIDHANI,SuperTrend,1,0
JYOTHYLAB,SuperTrend,1,0
ATULAUTO,SuperTrend,2,2
BSOFT,SuperTrend,2,0
STAR,SuperTrend,2,0
ADVENZYMES,SuperTrend,1,0
BSE,SuperTrend,2,0
HDFCAMC,SuperTrend,2,2
IIFL,SuperTrend,2,1
UTIAMC,SuperTrend,3,0
GSPL,SuperTrend,1,0
SKIPPER,SuperTrend,2,0
SAKSOFT,SuperTrend,2,0
POLYCAB,SuperTrend,2,1
TIIL,SuperTrend,1,0
KKCL,SuperTrend,2,0
SOBHA,SuperTrend,2,0
KSCL,SuperTrend,1,0
MOTILALOFS,SuperTrend,1,0
JKIL,SuperTrend,2,2
RAMKY,SuperTrend,2,0
RPGLIFE,SuperTrend,3,1
VARROC,SuperTrend,3,2
INDIGO,SuperTrend,2,1
KIRLOSENG,SuperTrend,2,1
UJJIVAN,SuperTrend,2,0
DBL,SuperTrend,1,1
ANGELONE,SuperTrend,4,2
SHALBY,SuperTrend,1,1
APLLTD,SuperTrend,1,1
JUSTDIAL,SuperTrend,2,1
STOVEKRAFT,SuperTrend,2,2
INOXWIND,SuperTrend,2,0
PARAGMILK,SuperTrend,1,1
GULFOILLUB,SuperTrend,3,0
CARTRADE,SuperTrend,1,1
METROPOLIS,SuperTrend,3,2
BHARATWIRE,SuperTrend,1,0
CAPACITE,SuperTrend,2,1
SHAREINDIA,SuperTrend,2,1
HOMEFIRST,SuperTrend,2,0
ARVINDFASN,SuperTrend,3,1
KPITTECH,SuperTrend,3,0
LIKHITHA,SuperTrend,4,0
SUVENPHAR,SuperTrend,1,0
VIJAYA,SuperTrend,1,0
BLUESTARCO,SuperTrend,2,0
ELECON,SuperTrend,2,1
EVERESTIND,SuperTrend,2,0
GABRIEL,SuperTrend,1,0
GOODYEAR,SuperTrend,1,1
GESHIP,SuperTrend,1,1
HEROMOTOCO,SuperTrend,3,1
HINDUNILVR,SuperTrend,2,0
SURYAROSNI,SuperTrend,3,1
JKLAKSHMI,SuperTrend,2,1
SUPREMEIND,SuperTrend,2,1
TALBROAUTO,SuperTrend,2,0
TATACONSUM,SuperTrend,1,0
TATAMOTORS,SuperTrend,2,1
WSTCSTPAPR,SuperTrend,1,0
GODFRYPHLP,SuperTrend,2,2
PITTIENG,SuperTrend,1,1
SPLPETRO,SuperTrend,1,1
BAJFINANCE,SuperTrend,3,0
NEULANDLAB,SuperTrend,1,0
MAYURUNIQ,SuperTrend,3,1
SOTL,SuperTrend,1,1
JINDALPOLY,SuperTrend,2,0
LICHSGFIN,SuperTrend,2,1
RAJRATAN,SuperTrend,2,0
HERITGFOOD,SuperTrend,1,1
KALPATPOWR,SuperTrend,2,1
GICHSGFIN,SuperTrend,2,1
KITEX,SuperTrend,2,0
OIL,SuperTrend,2,0
POWERGRID,SuperTrend,4,0
CSBBANK,SuperTrend,1,0
KTKBANK,SuperTrend,1,0
RBLBANK,SuperTrend,3,1
INDIANB,SuperTrend,2,1
NUCLEUS,SuperTrend,3,1
SUNTECK,SuperTrend,2,1
DLF,SuperTrend,3,1
AGARIND,SuperTrend,2,1
WELCORP,SuperTrend,2,2
TIPSINDLTD,SuperTrend,2,1
TVSMOTOR,SuperTrend,1,1
NTPC,SuperTrend,2,1
COALINDIA,SuperTrend,2,0
PFC,SuperTrend,2,2
APLAPOLLO,SuperTrend,2,1
RAMCOSYS,SuperTrend,1,0
GRANULES,SuperTrend,3,1
PRESTIGE,SuperTrend,2,1
POKARNA,SuperTrend,2,2
MGL,SuperTrend,2,1
MIDHANI,SuperTrend,1,0
JYOTHYLAB,SuperTrend,1,0
PNBHOUSING,SuperTrend,2,1
BSOFT,SuperTrend,2,0
STAR,SuperTrend,2,0
ADVENZYMES,SuperTrend,1,0
BSE,SuperTrend,2,0
HDFCAMC,SuperTrend,2,2
RAILTEL,SuperTrend,1,1
IIFL,SuperTrend,2,1
GSPL,SuperTrend,1,0
SOLARINDS,SuperTrend,2,0
SAKSOFT,SuperTrend,2,0
POLYCAB,SuperTrend,2,1
KKCL,SuperTrend,2,0
SOBHA,SuperTrend,2,0
KSCL,SuperTrend,1,0
BAJAJFINSV,SuperTrend,2,0
JKIL,SuperTrend,2,2
RAMKY,SuperTrend,2,0
HERANBA,SuperTrend,3,1
RPGLIFE,SuperTrend,2,1
VARROC,SuperTrend,3,2
INDIGO,SuperTrend,2,1
KIRLOSENG,SuperTrend,2,1
UJJIVAN,SuperTrend,2,0
DIXON,SuperTrend,2,2
WABAG,SuperTrend,1,1
DBL,SuperTrend,1,1
PGEL,SuperTrend,2,2
ANGELONE,SuperTrend,4,2
SHALBY,SuperTrend,1,1
JUSTDIAL,SuperTrend,2,1
STOVEKRAFT,SuperTrend,2,2
INOXWIND,SuperTrend,2,0
PARAGMILK,SuperTrend,1,1
GULFOILLUB,SuperTrend,2,0
CARTRADE,SuperTrend,1,1
METROPOLIS,SuperTrend,3,2
BHARATWIRE,SuperTrend,1,0
5PAISA,SuperTrend,1,0
CAPACITE,SuperTrend,2,1
SHAREINDIA,SuperTrend,2,1
HOMEFIRST,SuperTrend,2,0
ARVINDFASN,SuperTrend,3,1
LIKHITHA,SuperTrend,4,0
SUVENPHAR,SuperTrend,1,0
VIJAYA,SuperTrend,1,0
BLUESTARCO,SuperTrend,2,0
CENTENKA,SuperTrend,2,0
ELECON,SuperTrend,2,1
EVERESTIND,SuperTrend,2,0
GABRIEL,SuperTrend,1,0
GOODYEAR,SuperTrend,2,1
GESHIP,SuperTrend,1,1
HEROMOTOCO,SuperTrend,3,1
HINDUNILVR,SuperTrend,2,0
SURYAROSNI,SuperTrend,3,1
JKLAKSHMI,SuperTrend,2,1
SUPREMEIND,SuperTrend,2,1
TALBROAUTO,SuperTrend,2,0
TATACONSUM,SuperTrend,1,0
TATAMOTORS,SuperTrend,2,1
WSTCSTPAPR,SuperTrend,1,0
GODFRYPHLP,SuperTrend,2,2
SUDARSCHEM,SuperTrend,1,1
PITTIENG,SuperTrend,1,1
SPLPETRO,SuperTrend,1,1
BAJFINANCE,SuperTrend,3,0
MAYURUNIQ,SuperTrend,3,1
SOTL,SuperTrend,1,1
JINDALPOLY,SuperTrend,2,0
LICHSGFIN,SuperTrend,2,1
RAJRATAN,SuperTrend,2,0
HERITGFOOD,SuperTrend,2,1
KALPATPOWR,SuperTrend,2,1
GICHSGFIN,SuperTrend,2,1
KITEX,SuperTrend,2,0
OIL,SuperTrend,2,0
POWERGRID,SuperTrend,4,0
CSBBANK,SuperTrend,1,0
KTKBANK,SuperTrend,1,0
RBLBANK,SuperTrend,3,1
INDIANB,SuperTrend,2,1
NUCLEUS,SuperTrend,3,1
SUNTECK,SuperTrend,2,1
DLF,SuperTrend,3,1
AGARIND,SuperTrend,2,1
WELCORP,SuperTrend,2,2
TIPSINDLTD,SuperTrend,3,1
TVSMOTOR,SuperTrend,1,1
NTPC,SuperTrend,2,1
COALINDIA,SuperTrend,2,0
PFC,SuperTrend,2,2
APLAPOLLO,SuperTrend,2,1
RAMCOSYS,SuperTrend,1,0
GRANULES,SuperTrend,3,1
PRESTIGE,SuperTrend,2,1
POKARNA,SuperTrend,2,2
MGL,SuperTrend,2,1
MIDHANI,SuperTrend,1,0
JYOTHYLAB,SuperTrend,1,0
PNBHOUSING,SuperTrend,2,1
BSOFT,SuperTrend,2,0
STAR,SuperTrend,2,0
ADVENZYMES,SuperTrend,1,0
BSE,SuperTrend,2,0
HDFCAMC,SuperTrend,2,2
RAILTEL,SuperTrend,1,1
IIFL,SuperTrend,2,1
GSPL,SuperTrend,1,0
SOLARINDS,SuperTrend,2,0
SAKSOFT,SuperTrend,2,0
POLYCAB,SuperTrend,2,1
KKCL,SuperTrend,2,0
SOBHA,SuperTrend,2,0
KSCL,SuperTrend,1,0
BAJAJFINSV,SuperTrend,2,0
JKIL,SuperTrend,2,2
RAMKY,SuperTrend,2,0
HERANBA,SuperTrend,4,1
RPGLIFE,SuperTrend,2,1
VARROC,SuperTrend,3,2
INDIGO,SuperTrend,2,1
KIRLOSENG,SuperTrend,2,1
UJJIVAN,SuperTrend,2,0
DIXON,SuperTrend,2,2
WABAG,SuperTrend,2,1
DBL,SuperTrend,1,1
PGEL,SuperTrend,2,2
ANGELONE,SuperTrend,4,2
SHALBY,SuperTrend,1,1
JUSTDIAL,SuperTrend,2,1
STOVEKRAFT,SuperTrend,2,2
INOXWIND,SuperTrend,3,0
PARAGMILK,SuperTrend,1,1
GULFOILLUB,SuperTrend,2,0
CARTRADE,SuperTrend,1,1
METROPOLIS,SuperTrend,3,2
BHARATWIRE,SuperTrend,1,0
5PAISA,SuperTrend,2,0
CAPACITE,SuperTrend,2,1
SHAREINDIA,SuperTrend,2,1
HOMEFIRST,SuperTrend,2,0
ARVINDFASN,SuperTrend,3,1
LIKHITHA,SuperTrend,3,0
SUVENPHAR,SuperTrend,1,0
VIJAYA,SuperTrend,1,0
BIRLACORPN,SuperTrend,2,0
COROMANDEL,SuperTrend,1,0
ELECON,SuperTrend,2,1
NESTLEIND,SuperTrend,2,0
GABRIEL,SuperTrend,1,0
GESHIP,SuperTrend,1,1
HEROMOTOCO,SuperTrend,3,1
LINDEINDIA,SuperTrend,3,1
JKLAKSHMI,SuperTrend,2,1
SUNDARMFIN,SuperTrend,2,2
SUPREMEIND,SuperTrend,2,1
TATAMOTORS,SuperTrend,2,1
WSTCSTPAPR,SuperTrend,1,0
GODFRYPHLP,SuperTrend,2,2
PATANJALI,SuperTrend,3,1
ADORWELD,SuperTrend,2,1
SUDARSCHEM,SuperTrend,1,1
IGARASHI,SuperTrend,2,1
PITTIENG,SuperTrend,1,1
KIRLFER,SuperTrend,1,0
BAJFINANCE,SuperTrend,3,0
MAYURUNIQ,SuperTrend,3,1
SOTL,SuperTrend,1,1
JINDALPOLY,SuperTrend,2,0
LICHSGFIN,SuperTrend,2,1
RAJRATAN,SuperTrend,2,0
KALPATPOWR,SuperTrend,2,1
KITEX,SuperTrend,2,0
OIL,SuperTrend,2,0
POWERGRID,SuperTrend,4,0
CSBBANK,SuperTrend,1,0
JKPAPER,SuperTrend,1,1
RBLBANK,SuperTrend,3,1
SUNTECK,SuperTrend,2,1
DLF,SuperTrend,3,1
AGARIND,SuperTrend,2,1
WELCORP,SuperTrend,2,2
TIPSINDLTD,SuperTrend,3,1
TVSMOTOR,SuperTrend,1,1
COALINDIA,SuperTrend,2,0
PFC,SuperTrend,2,2
APLAPOLLO,SuperTrend,2,1
GRANULES,SuperTrend,3,1
MGL,SuperTrend,2,1
MIDHANI,SuperTrend,1,0
JYOTHYLAB,SuperTrend,1,0
ATULAUTO,SuperTrend,2,2
MINDACORP,SuperTrend,1,0
GODREJPROP,SuperTrend,4,1
PNBHOUSING,SuperTrend,2,1
BSOFT,SuperTrend,2,0
STAR,SuperTrend,2,0
ORIENTCEM,SuperTrend,2,0
ADVENZYMES,SuperTrend,1,0
RSYSTEMS,SuperTrend,1,1
TRIVENI,SuperTrend,3,1
DATAMATICS,SuperTrend,2,1
HDFCAMC,SuperTrend,2,2
RAILTEL,SuperTrend,1,1
IIFL,SuperTrend,2,1
UTTAMSUGAR,SuperTrend,2,1
FORTIS,SuperTrend,1,0
REPCOHOME,SuperTrend,1,0
SKIPPER,SuperTrend,2,0
SAKSOFT,SuperTrend,2,0
POLYCAB,SuperTrend,2,1
SOBHA,SuperTrend,2,0
REFEX,SuperTrend,2,1
KSCL,SuperTrend,1,0
MOTILALOFS,SuperTrend,1,0
BAJAJFINSV,SuperTrend,2,0
JKIL,SuperTrend,2,2
RAMKY,SuperTrend,2,0
RPGLIFE,SuperTrend,2,1
FCL,SuperTrend,2,0
VARROC,SuperTrend,3,2
INDIGO,SuperTrend,2,1
SPANDANA,SuperTrend,1,1
UJJIVAN,SuperTrend,2,0
BFINVEST,SuperTrend,2,0
LODHA,SuperTrend,1,0
DIXON,SuperTrend,2,2
WABAG,SuperTrend,2,1
DBL,SuperTrend,1,1
PGEL,SuperTrend,1,1
BAJAJCON,SuperTrend,1,1
ANGELONE,SuperTrend,4,2
SHALBY,SuperTrend,1,1
APLLTD,SuperTrend,1,1
JUSTDIAL,SuperTrend,2,1
HCG,SuperTrend,1,1
STOVEKRAFT,SuperTrend,2,2
INOXWIND,SuperTrend,3,0
PARAGMILK,SuperTrend,1,1
CARTRADE,SuperTrend,1,1
BHARATWIRE,SuperTrend,1,0
PRICOLLTD,SuperTrend,2,1
5PAISA,SuperTrend,2,0
SHAREINDIA,SuperTrend,2,1
HOMEFIRST,SuperTrend,2,0
ARVINDFASN,SuperTrend,3,1
KPITTECH,SuperTrend,3,0
LIKHITHA,SuperTrend,3,0
SUVENPHAR,SuperTrend,1,0
MINDSPACE,SuperTrend,2,1
IPL,SuperTrend,1,1
BERGEPAINT,SuperTrend,1,0
CEATLTD,SuperTrend,1,0
COROMANDEL,SuperTrend,1,0
ELECON,SuperTrend,1,0
NESTLEIND,SuperTrend,2,0
GABRIEL,SuperTrend,1,0
GESHIP,SuperTrend,1,1
GRINDWELL,SuperTrend,1,1
HEROMOTOCO,SuperTrend,3,1
AGI,SuperTrend,1,1
KIRLOSBROS,SuperTrend,1,0
MAHSCOOTER,SuperTrend,1,0
SURYAROSNI,SuperTrend,3,1
JKLAKSHMI,SuperTrend,2,1
SUPREMEIND,SuperTrend,2,1
TATACONSUM,SuperTrend,1,0
TATAMOTORS,SuperTrend,2,1
UNIVCABLES,SuperTrend,2,0
WSTCSTPAPR,SuperTrend,1,0
GODFRYPHLP,SuperTrend,2,2
DVL,SuperTrend,2,0
SUDARSCHEM,SuperTrend,1,1
NAHARSPING,SuperTrend,3,2
TI,SuperTrend,1,0
PITTIENG,SuperTrend,1,1
MAYURUNIQ,SuperTrend,3,1
SOTL,SuperTrend,1,1
RAJRATAN,SuperTrend,2,0
KALPATPOWR,SuperTrend,2,1
KITEX,SuperTrend,2,0
OIL,SuperTrend,2,0
MARUTI,SuperTrend,3,1
CSBBANK,SuperTrend,1,0
RBLBANK,SuperTrend,3,1
SUNTECK,SuperTrend,2,1
DLF,SuperTrend,3,1
WELCORP,SuperTrend,2,2
TIPSINDLTD,SuperTrend,3,1
TVSMOTOR,SuperTrend,1,1
COALINDIA,SuperTrend,2,0
PFC,SuperTrend,2,2
APLAPOLLO,SuperTrend,2,1
ISEC,SuperTrend,2,0
GRANULES,SuperTrend,3,1
POKARNA,SuperTrend,2,2
JYOTHYLAB,SuperTrend,1,0
ATULAUTO,SuperTrend,2,2
MINDACORP,SuperTrend,1,0
SUMMITSEC,SuperTrend,1,0
BHARTIARTL,SuperTrend,1,0
GODREJPROP,SuperTrend,4,1
PNBHOUSING,SuperTrend,2,1
BSOFT,SuperTrend,2,0
ORIENTCEM,SuperTrend,2,0
RECLTD,SuperTrend,2,1
DATAMATICS,SuperTrend,2,1
HDFCAMC,SuperTrend,2,2
RAILTEL,SuperTrend,1,1
MAXHEALTH,SuperTrend,2,1
IIFL,SuperTrend,2,1
UTTAMSUGAR,SuperTrend,2,1
TANLA,SuperTrend,2,1
REPCOHOME,SuperTrend,1,0
SKIPPER,SuperTrend,2,0
SAKSOFT,SuperTrend,2,0
RML,SuperTrend,2,1
KKCL,SuperTrend,2,0
SOBHA,SuperTrend,2,0
REFEX,SuperTrend,2,1
MOTILALOFS,SuperTrend,1,0
BAJAJFINSV,SuperTrend,2,0
JKIL,SuperTrend,2,2
RPGLIFE,SuperTrend,2,1
KIRLOSENG,SuperTrend,2,1
SPANDANA,SuperTrend,1,1
MTARTECH,SuperTrend,1,1
UJJIVAN,SuperTrend,2,0
KRISHANA,SuperTrend,2,1
LODHA,SuperTrend,1,0
DIXON,SuperTrend,2,2
WABAG,SuperTrend,2,1
DBL,SuperTrend,1,1
PGEL,SuperTrend,1,1
BAJAJCON,SuperTrend,1,1
SHALBY,SuperTrend,1,1
VSSL,SuperTrend,2,1
MBAPL,SuperTrend,1,0
JUSTDIAL,SuperTrend,2,1
HCG,SuperTrend,1,1
INOXWIND,SuperTrend,3,0
PARAGMILK,SuperTrend,1,1
CARTRADE,SuperTrend,1,1
BHARATWIRE,SuperTrend,1,0
PRICOLLTD,SuperTrend,2,1
5PAISA,SuperTrend,2,0
SHAREINDIA,SuperTrend,2,1
IFGLEXPOR,SuperTrend,1,1
HOMEFIRST,SuperTrend,2,0
ARVINDFASN,SuperTrend,3,1
KPITTECH,SuperTrend,3,0
LIKHITHA,SuperTrend,3,0
SUVENPHAR,SuperTrend,1,0
IPL,SuperTrend,1,1
BIRLACORPN,SuperTrend,2,0
CENTENKA,SuperTrend,2,0
ELECON,SuperTrend,1,0
NESTLEIND,SuperTrend,2,0
GABRIEL,SuperTrend,1,0
HEROMOTOCO,SuperTrend,3,1
LINDEINDIA,SuperTrend,3,1
TATAINVEST,SuperTrend,1,1
SURYAROSNI,SuperTrend,3,1
SUPREMEIND,SuperTrend,2,1
TALBROAUTO,SuperTrend,2,0
TATAMOTORS,SuperTrend,2,1
WSTCSTPAPR,SuperTrend,1,0
DVL,SuperTrend,2,0
ADORWELD,SuperTrend,2,1
PITTIENG,SuperTrend,1,1
SPLPETRO,SuperTrend,1,1
BAJFINANCE,SuperTrend,3,0
MAYURUNIQ,SuperTrend,3,1
SOTL,SuperTrend,1,1
KALPATPOWR,SuperTrend,2,1
KITEX,SuperTrend,2,0
OIL,SuperTrend,2,0
DLF,SuperTrend,3,1
WELCORP,SuperTrend,2,2
WOCKPHARMA,SuperTrend,3,0
TIPSINDLTD,SuperTrend,3,1
TVSMOTOR,SuperTrend,1,1
COALINDIA,SuperTrend,2,0
APLAPOLLO,SuperTrend,2,1
ISEC,SuperTrend,2,0
GOKEX,SuperTrend,1,1
POKARNA,SuperTrend,2,2
BHARTIARTL,SuperTrend,1,0
GODREJPROP,SuperTrend,4,1
PNBHOUSING,SuperTrend,2,1
BSOFT,SuperTrend,2,0
SASKEN,SuperTrend,2,1
HDFCAMC,SuperTrend,2,2
ICICIGI,SuperTrend,2,0
MAXHEALTH,SuperTrend,2,1
UBL,SuperTrend,2,1
IIFL,SuperTrend,2,1
UTTAMSUGAR,SuperTrend,2,1
REPCOHOME,SuperTrend,1,0
SAKSOFT,SuperTrend,2,0
KKCL,SuperTrend,2,0
SOBHA,SuperTrend,2,0
MOTILALOFS,SuperTrend,1,0
BAJAJFINSV,SuperTrend,2,0
JKIL,SuperTrend,2,2
SPANDANA,SuperTrend,1,1
MTARTECH,SuperTrend,1,1
UJJIVAN,SuperTrend,2,0
KRISHANA,SuperTrend,2,1
LODHA,SuperTrend,1,0
DIXON,SuperTrend,2,2
PGEL,SuperTrend,1,1
SHALBY,SuperTrend,1,1
JUSTDIAL,SuperTrend,2,1
HCG,SuperTrend,1,1
INOXWIND,SuperTrend,3,0
AWHCL,SuperTrend,2,1
CARTRADE,SuperTrend,1,1
METROPOLIS,SuperTrend,3,2
HOMEFIRST,SuperTrend,2,0
ARVINDFASN,SuperTrend,3,1
KPITTECH,SuperTrend,3,0
SUVENPHAR,SuperTrend,1,0
BIRLACORPN,SuperTrend,2,0
CENTENKA,SuperTrend,2,0
ELECON,SuperTrend,1,0
NESTLEIND,SuperTrend,2,0
GABRIEL,SuperTrend,1,0
HEROMOTOCO,SuperTrend,3,1
LINDEINDIA,SuperTrend,3,1
TATAINVEST,SuperTrend,1,1
KIRLOSBROS,SuperTrend,1,0
SURYAROSNI,SuperTrend,3,1
SUPREMEIND,SuperTrend,2,1
TALBROAUTO,SuperTrend,2,0
TATAMOTORS,SuperTrend,2,1
WSTCSTPAPR,SuperTrend,1,0
DVL,SuperTrend,2,0
ADORWELD,SuperTrend,2,1
PITTIENG,SuperTrend,1,1
SPLPETRO,SuperTrend,1,1
BAJFINANCE,SuperTrend,3,0
MAYURUNIQ,SuperTrend,3,1
SOTL,SuperTrend,1,1
KALPATPOWR,SuperTrend,2,1
OIL,SuperTrend,2,0
DLF,SuperTrend,3,1
WELCORP,SuperTrend,2,2
TIPSINDLTD,SuperTrend,3,1
TVSMOTOR,SuperTrend,1,1
COALINDIA,SuperTrend,2,0
APLAPOLLO,SuperTrend,2,1
ISEC,SuperTrend,2,0
KIOCL,SuperTrend,1,0
GOKEX,SuperTrend,1,1
POKARNA,SuperTrend,2,2
BHARTIARTL,SuperTrend,1,0
GODREJPROP,SuperTrend,4,1
PNBHOUSING,SuperTrend,2,1
BSOFT,SuperTrend,2,0
SASKEN,SuperTrend,2,1
HDFCAMC,SuperTrend,2,2
ICICIGI,SuperTrend,2,0
MAXHEALTH,SuperTrend,2,1
UBL,SuperTrend,2,1
IIFL,SuperTrend,2,1
UTTAMSUGAR,SuperTrend,2,1
REPCOHOME,SuperTrend,1,0
SAKSOFT,SuperTrend,2,0
KKCL,SuperTrend,2,0
SOBHA,SuperTrend,2,0
MOTILALOFS,SuperTrend,1,0
BAJAJFINSV,SuperTrend,2,0
JKIL,SuperTrend,2,2
KIRLOSENG,SuperTrend,2,1
SPANDANA,SuperTrend,1,1
MTARTECH,SuperTrend,1,1
UJJIVAN,SuperTrend,2,0
KRISHANA,SuperTrend,2,1
LODHA,SuperTrend,1,0
DIXON,SuperTrend,2,2
PGEL,SuperTrend,1,1
SHALBY,SuperTrend,1,1
JUSTDIAL,SuperTrend,2,1
HCG,SuperTrend,1,1
INOXWIND,SuperTrend,3,0
AWHCL,SuperTrend,2,1
CARTRADE,SuperTrend,1,1
METROPOLIS,SuperTrend,3,2
HOMEFIRST,SuperTrend,2,0
ARVINDFASN,SuperTrend,3,1
KPITTECH,SuperTrend,3,0
SUVENPHAR,SuperTrend,1,0
BIRLACORPN,SuperTrend,2,0
NESTLEIND,SuperTrend,2,0
HEROMOTOCO,SuperTrend,3,1
LINDEINDIA,SuperTrend,3,1
KIRLOSBROS,SuperTrend,1,0
SURYAROSNI,SuperTrend,3,1
JKLAKSHMI,SuperTrend,2,1
SUPREMEIND,SuperTrend,2,1
TALBROAUTO,SuperTrend,2,0
TATAMOTORS,SuperTrend,2,1
UNICHEMLAB,SuperTrend,1,1
UNIVCABLES,SuperTrend,2,0
SAFARI,SuperTrend,2,1
PITTIENG,SuperTrend,1,1
TORNTPHARM,SuperTrend,1,0
SOTL,SuperTrend,1,1
KALPATPOWR,SuperTrend,2,1
OIL,SuperTrend,2,0
WELCORP,SuperTrend,2,2
TIPSINDLTD,SuperTrend,3,1
TVSMOTOR,SuperTrend,1,1
COALINDIA,SuperTrend,2,0
APLAPOLLO,SuperTrend,2,1
ISEC,SuperTrend,2,0
KIOCL,SuperTrend,1,0
GOKEX,SuperTrend,1,1
POKARNA,SuperTrend,2,2
ATULAUTO,SuperTrend,2,2
PNBHOUSING,SuperTrend,2,1
BSOFT,SuperTrend,2,0
DATAMATICS,SuperTrend,2,1
HDFCAMC,SuperTrend,2,2
ICICIGI,SuperTrend,2,0
MAXHEALTH,SuperTrend,2,1
IIFL,SuperTrend,2,1
JSL,SuperTrend,1,0
MCX,SuperTrend,2,1
SAKSOFT,SuperTrend,2,0
KKCL,SuperTrend,2,0
SOBHA,SuperTrend,2,0
MOTILALOFS,SuperTrend,1,0
SASTASUNDR,SuperTrend,4,2
KIRLOSENG,SuperTrend,2,1
SPANDANA,SuperTrend,1,1
MTARTECH,SuperTrend,1,1
UJJIVAN,SuperTrend,2,0
KRISHANA,SuperTrend,2,1
DIXON,SuperTrend,2,2
CREDITACC,SuperTrend,1,0
PGEL,SuperTrend,1,1
BAJAJCON,SuperTrend,1,1
SHALBY,SuperTrend,1,1
HCG,SuperTrend,1,1
AWHCL,SuperTrend,2,1
SHAREINDIA,SuperTrend,2,1
HOMEFIRST,SuperTrend,2,0
KPITTECH,SuperTrend,3,0
SUVENPHAR,SuperTrend,1,0
BIRLACORPN,SuperTrend,2,0
ELECON,SuperTrend,1,0
NESTLEIND,SuperTrend,2,0
GABRIEL,SuperTrend,1,0
HEROMOTOCO,SuperTrend,3,1
TATAINVEST,SuperTrend,1,1
KIRLOSBROS,SuperTrend,1,0
MANGLMCEM,SuperTrend,2,2
SURYAROSNI,SuperTrend,3,1
JKLAKSHMI,SuperTrend,2,1
TALBROAUTO,SuperTrend,2,0
TATAMOTORS,SuperTrend,2,1
UNIVCABLES,SuperTrend,2,0
SHANTIGEAR,SuperTrend,1,0
PITTIENG,SuperTrend,1,1
TORNTPHARM,SuperTrend,1,0
MAYURUNIQ,SuperTrend,3,1
SOTL,SuperTrend,1,1
TTKPRESTIG,SuperTrend,1,0
KALPATPOWR,SuperTrend,2,1
OIL,SuperTrend,2,0
WELCORP,SuperTrend,2,2
TVSMOTOR,SuperTrend,1,1
COALINDIA,SuperTrend,2,0
APLAPOLLO,SuperTrend,2,1
LINC,SuperTrend,2,2
ISEC,SuperTrend,2,0
KIOCL,SuperTrend,1,0
GOKEX,SuperTrend,1,1
POKARNA,SuperTrend,2,2
ATULAUTO,SuperTrend,2,2
PNBHOUSING,SuperTrend,2,1
BSOFT,SuperTrend,2,0
DATAMATICS,SuperTrend,2,1
HDFCAMC,SuperTrend,2,2
SBILIFE,SuperTrend,2,0
ICICIGI,SuperTrend,2,0
UBL,SuperTrend,2,1
IIFL,SuperTrend,2,1
UTTAMSUGAR,SuperTrend,2,1
MUTHOOTFIN,SuperTrend,1,0
SOLARINDS,SuperTrend,1,0
SAKSOFT,SuperTrend,2,0
KKCL,SuperTrend,2,0
SOBHA,SuperTrend,2,0
MOTILALOFS,SuperTrend,1,0
SPANDANA,SuperTrend,1,1
UJJIVAN,SuperTrend,2,0
DIXON,SuperTrend,2,2
PGEL,SuperTrend,1,1
BAJAJCON,SuperTrend,2,1
SHALBY,SuperTrend,1,1
DMART,SuperTrend,3,2
HCG,SuperTrend,1,1
INOXWIND,SuperTrend,3,0
PARAGMILK,SuperTrend,1,1
GULFOILLUB,SuperTrend,2,0
AWHCL,SuperTrend,2,1
PRICOLLTD,SuperTrend,2,1
SHAREINDIA,SuperTrend,2,1
HOMEFIRST,SuperTrend,2,0
ARVINDFASN,SuperTrend,3,1
KPITTECH,SuperTrend,3,0
SUVENPHAR,SuperTrend,1,0
BALKRISIND,SuperTrend,3,2
ELECON,SuperTrend,1,0
NESTLEIND,SuperTrend,2,0
GABRIEL,SuperTrend,1,0
GRINDWELL,SuperTrend,1,1
HEROMOTOCO,SuperTrend,3,1
KIRLOSBROS,SuperTrend,1,0
MANGLMCEM,SuperTrend,2,2
SURYAROSNI,SuperTrend,3,1
RALLIS,SuperTrend,2,0
JKLAKSHMI,SuperTrend,2,1
TATAMOTORS,SuperTrend,2,1
WSTCSTPAPR,SuperTrend,1,0
GODFRYPHLP,SuperTrend,2,2
PATANJALI,SuperTrend,3,2
SAFARI,SuperTrend,2,1
TI,SuperTrend,1,0
KIRLFER,SuperTrend,1,0
TORNTPHARM,SuperTrend,1,0
MAYURUNIQ,SuperTrend,3,1
SOTL,SuperTrend,1,1
KALPATPOWR,SuperTrend,2,1
PANAMAPET,SuperTrend,3,2
OPTIEMUS,SuperTrend,2,1
OIL,SuperTrend,2,0
WELCORP,SuperTrend,2,2
TIPSINDLTD,SuperTrend,3,1
TVSMOTOR,SuperTrend,1,1
COALINDIA,SuperTrend,2,0
ISEC,SuperTrend,2,0
KIOCL,SuperTrend,1,0
GOKEX,SuperTrend,1,1
POKARNA,SuperTrend,2,2
MINDACORP,SuperTrend,1,0
PNBHOUSING,SuperTrend,2,1
BSOFT,SuperTrend,2,0
PERSISTENT,SuperTrend,3,1
ALKEM,SuperTrend,2,1
HDFCAMC,SuperTrend,2,2
ICICIGI,SuperTrend,2,0
IIFL,SuperTrend,2,1
UTTAMSUGAR,SuperTrend,2,1
MUTHOOTFIN,SuperTrend,1,0
MCX,SuperTrend,2,1
SKIPPER,SuperTrend,2,0
SAKSOFT,SuperTrend,2,0
KKCL,SuperTrend,2,0
SOBHA,SuperTrend,2,0
MOTILALOFS,SuperTrend,1,0
INDIGO,SuperTrend,2,1
KIRLOSENG,SuperTrend,2,1
SPANDANA,SuperTrend,1,1
DIXON,SuperTrend,2,2
WABAG,SuperTrend,2,1
PGEL,SuperTrend,1,1
BAJAJCON,SuperTrend,2,1
SHALBY,SuperTrend,1,1
JUSTDIAL,SuperTrend,2,1
WONDERLA,SuperTrend,1,0
GREENLAM,SuperTrend,1,0
INOXWIND,SuperTrend,3,0
PARAGMILK,SuperTrend,1,1
GULFOILLUB,SuperTrend,2,0
PRICOLLTD,SuperTrend,2,1
SHAREINDIA,SuperTrend,2,1
HOMEFIRST,SuperTrend,2,0
ARVINDFASN,SuperTrend,3,1
SUVENPHAR,SuperTrend,1,0
VIJAYA,SuperTrend,1,0
BBL,SuperTrend,1,0
BBTC,SuperTrend,3,1
ELECON,SuperTrend,1,0
NESTLEIND,SuperTrend,2,0
GRINDWELL,SuperTrend,1,1
MANGLMCEM,SuperTrend,2,2
SURYAROSNI,SuperTrend,3,1
RALLIS,SuperTrend,2,0
JKLAKSHMI,SuperTrend,2,1
SUPREMEIND,SuperTrend,2,1
UNICHEMLAB,SuperTrend,2,1
WSTCSTPAPR,SuperTrend,1,0
GODFRYPHLP,SuperTrend,2,2
PATANJALI,SuperTrend,3,2
PITTIENG,SuperTrend,1,1
SOTL,SuperTrend,1,1
KALPATPOWR,SuperTrend,2,1
UGROCAP,SuperTrend,1,0
PANAMAPET,SuperTrend,3,2
OPTIEMUS,SuperTrend,2,1
DLF,SuperTrend,3,1
WELCORP,SuperTrend,2,2
TIPSINDLTD,SuperTrend,3,1
TVSMOTOR,SuperTrend,1,1
COALINDIA,SuperTrend,2,0
LINC,SuperTrend,2,2
SONATSOFTW,SuperTrend,1,0
KIOCL,SuperTrend,1,0
GOKEX,SuperTrend,1,1
GMDCLTD,SuperTrend,2,1
GODREJPROP,SuperTrend,4,1
SATIN,SuperTrend,1,0
PNBHOUSING,SuperTrend,2,1
BSOFT,SuperTrend,2,0
PERSISTENT,SuperTrend,3,1
DATAMATICS,SuperTrend,2,1
ICICIGI,SuperTrend,2,0
UBL,SuperTrend,2,1
UTTAMSUGAR,SuperTrend,2,1
MUTHOOTFIN,SuperTrend,2,0
MCX,SuperTrend,2,1
SAKSOFT,SuperTrend,2,0
VOLTAMP,SuperTrend,1,0
KSCL,SuperTrend,1,0
MOTILALOFS,SuperTrend,1,0
INDIGO,SuperTrend,2,1
SPANDANA,SuperTrend,1,1
WABAG,SuperTrend,2,1
PGEL,SuperTrend,1,1
BAJAJCON,SuperTrend,2,1
SHALBY,SuperTrend,1,1
TIINDIA,SuperTrend,3,1
WONDERLA,SuperTrend,1,0
GREENLAM,SuperTrend,1,0
INOXWIND,SuperTrend,2,0
GULFOILLUB,SuperTrend,2,0
AWHCL,SuperTrend,2,1
QUICKHEAL,SuperTrend,2,0
PRICOLLTD,SuperTrend,2,1
5PAISA,SuperTrend,2,0
SHAREINDIA,SuperTrend,2,1
HOMEFIRST,SuperTrend,2,0
KPITTECH,SuperTrend,3,0
EMBASSY,SuperTrend,2,0
VIJAYA,SuperTrend,1,0
BIRLACORPN,SuperTrend,2,0
BBTC,SuperTrend,3,1
TATACOFFEE,SuperTrend,1,1
ELECON,SuperTrend,1,0
NESTLEIND,SuperTrend,2,0
GRINDWELL,SuperTrend,1,1
KSB,SuperTrend,1,0
TRENT,SuperTrend,1,1
MANGLMCEM,SuperTrend,2,2
RALLIS,SuperTrend,2,0
JKLAKSHMI,SuperTrend,3,1
SUPREMEIND,SuperTrend,2,1
TALBROAUTO,SuperTrend,3,1
TATACONSUM,SuperTrend,1,0
UNIVCABLES,SuperTrend,2,0
WSTCSTPAPR,SuperTrend,1,0
GODFRYPHLP,SuperTrend,2,2
PATANJALI,SuperTrend,3,2
TI,SuperTrend,1,0
PITTIENG,SuperTrend,1,1
SOTL,SuperTrend,1,1
TTKPRESTIG,SuperTrend,1,0
KALPATPOWR,SuperTrend,2,1
UGROCAP,SuperTrend,1,0
PANAMAPET,SuperTrend,3,2
SANGHVIMOV,SuperTrend,1,1
OPTIEMUS,SuperTrend,2,1
HCLTECH,SuperTrend,2,0
DLF,SuperTrend,3,1
GALAXYSURF,SuperTrend,3,1
WELCORP,SuperTrend,2,2
TIPSINDLTD,SuperTrend,3,1
TVSMOTOR,SuperTrend,1,1
COALINDIA,SuperTrend,2,0
LINC,SuperTrend,2,2
ISEC,SuperTrend,2,0
SONATSOFTW,SuperTrend,1,0
KIOCL,SuperTrend,1,0
GOKEX,SuperTrend,1,1
POKARNA,SuperTrend,2,2
GMDCLTD,SuperTrend,2,1
GODREJPROP,SuperTrend,4,1
SATIN,SuperTrend,1,0
PNBHOUSING,SuperTrend,2,1
BSOFT,SuperTrend,2,0
PERSISTENT,SuperTrend,3,1
ALKEM,SuperTrend,2,1
CDSL,SuperTrend,3,1
DATAMATICS,SuperTrend,2,1
HDFCAMC,SuperTrend,2,2
SBILIFE,SuperTrend,2,0
ICICIGI,SuperTrend,2,0
UBL,SuperTrend,2,1
IIFL,SuperTrend,2,1
UTTAMSUGAR,SuperTrend,2,1
MUTHOOTFIN,SuperTrend,2,0
REPCOHOME,SuperTrend,1,0
SOLARINDS,SuperTrend,1,0
MCX,SuperTrend,2,1
SKIPPER,SuperTrend,1,0
SAKSOFT,SuperTrend,2,0
CRAFTSMAN,SuperTrend,1,0
KSCL,SuperTrend,1,0
INDIGO,SuperTrend,2,1
SPANDANA,SuperTrend,1,1
WABAG,SuperTrend,2,1
BAJAJCON,SuperTrend,2,1
VSSL,SuperTrend,2,1
TIINDIA,SuperTrend,3,1
HCG,SuperTrend,1,1
GREENLAM,SuperTrend,2,0
INOXWIND,SuperTrend,2,0
AWHCL,SuperTrend,2,1
QUICKHEAL,SuperTrend,2,0
PRICOLLTD,SuperTrend,2,1
SHAREINDIA,SuperTrend,2,1
HOMEFIRST,SuperTrend,2,0
KPITTECH,SuperTrend,3,0
EMBASSY,SuperTrend,2,0
SUVENPHAR,SuperTrend,1,0
BLUESTARCO,SuperTrend,2,0
BBTC,SuperTrend,3,1
TATACOFFEE,SuperTrend,1,1
ELECON,SuperTrend,1,0
NESTLEIND,SuperTrend,2,0
TRENT,SuperTrend,1,1
MANGLMCEM,SuperTrend,2,2
SURYAROSNI,SuperTrend,3,1
RALLIS,SuperTrend,2,0
SUPREMEIND,SuperTrend,2,2
TALBROAUTO,SuperTrend,3,1
TATACONSUM,SuperTrend,1,0
UNIVCABLES,SuperTrend,2,0
WSTCSTPAPR,SuperTrend,1,0
GODFRYPHLP,SuperTrend,2,2
PATANJALI,SuperTrend,3,2
SAFARI,SuperTrend,2,1
VINDHYATEL,SuperTrend,3,2
TI,SuperTrend,1,0
PITTIENG,SuperTrend,1,1
KALPATPOWR,SuperTrend,2,1
UGROCAP,SuperTrend,1,0
PANAMAPET,SuperTrend,3,2
SANGHVIMOV,SuperTrend,1,1
OPTIEMUS,SuperTrend,2,1
RELAXO,SuperTrend,1,1
HCLTECH,SuperTrend,2,0
INDIANB,SuperTrend,2,1
PHOENIXLTD,SuperTrend,1,0
DLF,SuperTrend,4,1
WELCORP,SuperTrend,2,2
TIPSINDLTD,SuperTrend,3,1
TVSMOTOR,SuperTrend,1,1
COALINDIA,SuperTrend,2,0
SONATSOFTW,SuperTrend,1,0
KIOCL,SuperTrend,1,0
GOKEX,SuperTrend,1,1
POKARNA,SuperTrend,2,2
GMDCLTD,SuperTrend,2,1
ATULAUTO,SuperTrend,2,2
MINDACORP,SuperTrend,1,0
GODREJPROP,SuperTrend,4,1
SATIN,SuperTrend,1,0
PNBHOUSING,SuperTrend,2,1
PERSISTENT,SuperTrend,3,1
ALKEM,SuperTrend,3,1
CDSL,SuperTrend,3,1
DATAMATICS,SuperTrend,2,1
HDFCAMC,SuperTrend,2,2
SBILIFE,SuperTrend,2,0
ICICIGI,SuperTrend,2,0
AIAENG,SuperTrend,2,0
UBL,SuperTrend,2,1
IIFL,SuperTrend,2,1
UTTAMSUGAR,SuperTrend,2,1
MUTHOOTFIN,SuperTrend,2,0
ALLSEC,SuperTrend,1,0
ULTRACEMCO,SuperTrend,1,0
REPCOHOME,SuperTrend,1,0
SOLARINDS,SuperTrend,1,0
MCX,SuperTrend,2,1
SKIPPER,SuperTrend,1,0
SAKSOFT,SuperTrend,2,0
VOLTAMP,SuperTrend,1,0
SOBHA,SuperTrend,2,0
CRAFTSMAN,SuperTrend,1,0
MOTILALOFS,SuperTrend,1,0
BAJAJFINSV,SuperTrend,2,0
KIRLOSENG,SuperTrend,2,1
SPANDANA,SuperTrend,1,1
WABAG,SuperTrend,2,1
PGEL,SuperTrend,1,1
BAJAJCON,SuperTrend,2,1
TIINDIA,SuperTrend,3,1
HCG,SuperTrend,1,1
INOXWIND,SuperTrend,2,0
GULFOILLUB,SuperTrend,2,1
AWHCL,SuperTrend,2,1
QUICKHEAL,SuperTrend,2,0
PRICOLLTD,SuperTrend,2,1
IFGLEXPOR,SuperTrend,1,1
HOMEFIRST,SuperTrend,2,0
KPITTECH,SuperTrend,3,0
EMBASSY,SuperTrend,2,0
SUVENPHAR,SuperTrend,1,0
VIJAYA,SuperTrend,1,0
BLUESTARCO,SuperTrend,2,0
BBTC,SuperTrend,3,1
TATACOFFEE,SuperTrend,1,1
ELECON,SuperTrend,2,0
NESTLEIND,SuperTrend,2,0
TRENT,SuperTrend,1,1
MANGLMCEM,SuperTrend,2,2
SURYAROSNI,SuperTrend,3,1
RALLIS,SuperTrend,2,0
JKLAKSHMI,SuperTrend,3,1
SUPREMEIND,SuperTrend,2,2
TALBROAUTO,SuperTrend,3,1
TATACONSUM,SuperTrend,1,0
UNIVCABLES,SuperTrend,2,0
GODFRYPHLP,SuperTrend,2,2
PATANJALI,SuperTrend,3,2
SAFARI,SuperTrend,2,1
VINDHYATEL,SuperTrend,3,2
TI,SuperTrend,1,0
PITTIENG,SuperTrend,1,1
KALPATPOWR,SuperTrend,1,0
UGROCAP,SuperTrend,1,0
PANAMAPET,SuperTrend,3,2
SANGHVIMOV,SuperTrend,1,1
OPTIEMUS,SuperTrend,2,1
RELAXO,SuperTrend,1,1
HCLTECH,SuperTrend,2,0
INDIANB,SuperTrend,2,1
PHOENIXLTD,SuperTrend,1,0
DLF,SuperTrend,4,1
WELCORP,SuperTrend,2,2
TIPSINDLTD,SuperTrend,3,2
TVSMOTOR,SuperTrend,1,1
COALINDIA,SuperTrend,2,0
SONATSOFTW,SuperTrend,1,0
KIOCL,SuperTrend,1,0
GOKEX,SuperTrend,1,1
POKARNA,SuperTrend,2,2
GMDCLTD,SuperTrend,2,1
ATULAUTO,SuperTrend,2,2
MINDACORP,SuperTrend,1,0
GODREJPROP,SuperTrend,4,1
SATIN,SuperTrend,1,0
PNBHOUSING,SuperTrend,2,1
PERSISTENT,SuperTrend,3,1
ALKEM,SuperTrend,3,1
CDSL,SuperTrend,3,1
DATAMATICS,SuperTrend,2,1
HDFCAMC,SuperTrend,2,2
SBILIFE,SuperTrend,2,0
ICICIGI,SuperTrend,2,0
AIAENG,SuperTrend,3,0
UBL,SuperTrend,2,1
IIFL,SuperTrend,2,1
UTTAMSUGAR,SuperTrend,2,1
MUTHOOTFIN,SuperTrend,2,0
ALLSEC,SuperTrend,1,0
REPCOHOME,SuperTrend,1,0
SOLARINDS,SuperTrend,1,0
MCX,SuperTrend,2,1
SKIPPER,SuperTrend,1,0
SAKSOFT,SuperTrend,2,0
VOLTAMP,SuperTrend,1,0
SOBHA,SuperTrend,2,0
CRAFTSMAN,SuperTrend,1,0
MOTILALOFS,SuperTrend,1,0
BAJAJFINSV,SuperTrend,2,0
KIRLOSENG,SuperTrend,2,1
SPANDANA,SuperTrend,1,1
WABAG,SuperTrend,2,1
PGEL,SuperTrend,1,1
BAJAJCON,SuperTrend,2,1
VSSL,SuperTrend,2,1
TIINDIA,SuperTrend,3,1
HCG,SuperTrend,1,1
INOXWIND,SuperTrend,2,0
GULFOILLUB,SuperTrend,2,1
AWHCL,SuperTrend,2,1
QUICKHEAL,SuperTrend,2,0
PRICOLLTD,SuperTrend,2,1
IFGLEXPOR,SuperTrend,1,1
HOMEFIRST,SuperTrend,2,0
KPITTECH,SuperTrend,3,0
EMBASSY,SuperTrend,2,0
SUVENPHAR,SuperTrend,1,0
VIJAYA,SuperTrend,1,0
ARVIND,SuperTrend,4,1
BLUESTARCO,SuperTrend,2,0
BBTC,SuperTrend,3,1
TATACOFFEE,SuperTrend,1,1
ELECON,SuperTrend,2,0
AGI,SuperTrend,1,1
KIRLOSBROS,SuperTrend,1,0
TRENT,SuperTrend,1,1
MANGLMCEM,SuperTrend,2,2
SURYAROSNI,SuperTrend,3,1
RALLIS,SuperTrend,2,0
JKLAKSHMI,SuperTrend,3,1
SUPREMEIND,SuperTrend,2,2
TALBROAUTO,SuperTrend,3,1
TATACONSUM,SuperTrend,1,0
TATAMOTORS,SuperTrend,2,1
UNIVCABLES,SuperTrend,2,0
WSTCSTPAPR,SuperTrend,1,0
PATANJALI,SuperTrend,3,2
SAFARI,SuperTrend,2,1
TTKHLTCARE,SuperTrend,2,2
HERCULES,SuperTrend,1,0
PITTIENG,SuperTrend,1,1
UGROCAP,SuperTrend,1,0
SANGHVIMOV,SuperTrend,1,1
OPTIEMUS,SuperTrend,2,1
PHOENIXLTD,SuperTrend,1,0
DLF,SuperTrend,4,1
GALAXYSURF,SuperTrend,4,1
WELCORP,SuperTrend,2,2
TIPSINDLTD,SuperTrend,3,2
TVSMOTOR,SuperTrend,1,1
COALINDIA,SuperTrend,2,0
PFC,SuperTrend,1,1
ISEC,SuperTrend,2,0
SONATSOFTW,SuperTrend,1,0
LINCOLN,SuperTrend,2,0
MINDACORP,SuperTrend,1,0
GODREJPROP,SuperTrend,5,1
SATIN,SuperTrend,1,0
BSOFT,SuperTrend,2,0
ADANIPOWER,SuperTrend,4,1
RECLTD,SuperTrend,3,1
PERSISTENT,SuperTrend,3,1
ALKEM,SuperTrend,3,1
CDSL,SuperTrend,3,1
HDFCAMC,SuperTrend,2,2
RAILTEL,SuperTrend,1,1
ICICIGI,SuperTrend,2,1
UBL,SuperTrend,2,1
UTTAMSUGAR,SuperTrend,2,1
MUTHOOTFIN,SuperTrend,2,0
ALLSEC,SuperTrend,1,0
SOLARINDS,SuperTrend,1,0
SKIPPER,SuperTrend,1,0
SAKSOFT,SuperTrend,2,0
SOBHA,SuperTrend,2,0
MOTILALOFS,SuperTrend,1,0
SHANKARA,SuperTrend,2,1
RAMKY,SuperTrend,2,0
RPGLIFE,SuperTrend,2,1
INDIGO,SuperTrend,2,1
SPANDANA,SuperTrend,1,1
LODHA,SuperTrend,1,0
WABAG,SuperTrend,2,1
DBL,SuperTrend,1,1
OBEROIRLTY,SuperTrend,3,1
PGEL,SuperTrend,1,1
VSSL,SuperTrend,2,1
TIINDIA,SuperTrend,3,1
HCG,SuperTrend,1,1
INOXWIND,SuperTrend,2,0
GULFOILLUB,SuperTrend,2,1
AWHCL,SuperTrend,2,1
AMBER,SuperTrend,2,0
CARTRADE,SuperTrend,1,1
QUICKHEAL,SuperTrend,2,0
PRICOLLTD,SuperTrend,2,1
5PAISA,SuperTrend,2,1
SHAREINDIA,SuperTrend,2,1
HOMEFIRST,SuperTrend,2,0
ARVINDFASN,SuperTrend,3,1
KPITTECH,SuperTrend,3,0
EMBASSY,SuperTrend,2,0
VIJAYA,SuperTrend,1,0
ARVIND,SuperTrend,4,1
BLUESTARCO,SuperTrend,3,0
BBTC,SuperTrend,3,1
TATACOFFEE,SuperTrend,1,1
NESTLEIND,SuperTrend,2,0
HEROMOTOCO,SuperTrend,3,1
TRENT,SuperTrend,1,1
MANGLMCEM,SuperTrend,2,2
PCBL,SuperTrend,2,0
RAYMOND,SuperTrend,2,1
VEDL,SuperTrend,3,1
SRF,SuperTrend,3,1
JKLAKSHMI,SuperTrend,3,1
SUPREMEIND,SuperTrend,2,2
TALBROAUTO,SuperTrend,3,1
TATACONSUM,SuperTrend,1,0
TATAMOTORS,SuperTrend,2,1
PATANJALI,SuperTrend,3,2
ADORWELD,SuperTrend,2,2
SUBROS,SuperTrend,2,0
TI,SuperTrend,2,0
PITTIENG,SuperTrend,1,1
SPLPETRO,SuperTrend,1,1
SANGHVIMOV,SuperTrend,2,1
PRIVISCL,SuperTrend,2,2
OIL,SuperTrend,2,0
POWERGRID,SuperTrend,4,0
PHOENIXLTD,SuperTrend,1,0
DLF,SuperTrend,4,1
WELCORP,SuperTrend,2,2
WOCKPHARMA,SuperTrend,3,0
TIPSINDLTD,SuperTrend,3,2
TVSMOTOR,SuperTrend,1,1
COALINDIA,SuperTrend,2,0
PFC,SuperTrend,1,1
ISEC,SuperTrend,2,0
LINCOLN,SuperTrend,2,0
PRESTIGE,SuperTrend,2,1
POKARNA,SuperTrend,2,2
ATULAUTO,SuperTrend,2,2
GODREJPROP,SuperTrend,4,1
SATIN,SuperTrend,1,0
BSOFT,SuperTrend,2,0
BDL,SuperTrend,1,0
ADANIPOWER,SuperTrend,3,1
RECLTD,SuperTrend,3,1
PERSISTENT,SuperTrend,3,1
ALKEM,SuperTrend,3,1
GODREJCP,SuperTrend,2,1
SBILIFE,SuperTrend,2,0
RAILTEL,SuperTrend,1,1
ICICIGI,SuperTrend,2,1
AIAENG,SuperTrend,3,0
MAXHEALTH,SuperTrend,2,1
UTTAMSUGAR,SuperTrend,2,1
MUTHOOTFIN,SuperTrend,2,0
ALLSEC,SuperTrend,1,0
ULTRACEMCO,SuperTrend,1,0
SAKSOFT,SuperTrend,2,0
SOBHA,SuperTrend,2,0
MOTILALOFS,SuperTrend,1,0
BRIGADE,SuperTrend,1,0
RAMKY,SuperTrend,2,0
SASTASUNDR,SuperTrend,3,2
SPANDANA,SuperTrend,1,1
LODHA,SuperTrend,1,0
WABAG,SuperTrend,2,1
OBEROIRLTY,SuperTrend,3,1
SHALBY,SuperTrend,1,1
VSSL,SuperTrend,2,1
TIINDIA,SuperTrend,3,1
WONDERLA,SuperTrend,1,0
INOXWIND,SuperTrend,2,0
PARAGMILK,SuperTrend,1,1
GULFOILLUB,SuperTrend,2,1
AMBER,SuperTrend,1,0
CARTRADE,SuperTrend,1,1
METROPOLIS,SuperTrend,3,2
PRICOLLTD,SuperTrend,2,1
SHAREINDIA,SuperTrend,2,1
HOMEFIRST,SuperTrend,2,0
KPITTECH,SuperTrend,3,0
VIJAYA,SuperTrend,1,0
ARVIND,SuperTrend,4,1
BLUESTARCO,SuperTrend,3,0
BBTC,SuperTrend,3,1
CIPLA,SuperTrend,2,0
TATACOFFEE,SuperTrend,1,1
ELECON,SuperTrend,2,0
NESTLEIND,SuperTrend,2,0
TRENT,SuperTrend,1,1
MANGLMCEM,SuperTrend,2,2
RAYMOND,SuperTrend,2,1
VEDL,SuperTrend,3,1
SRF,SuperTrend,3,1
JKLAKSHMI,SuperTrend,3,1
SUNDARMFIN,SuperTrend,2,2
SUPREMEIND,SuperTrend,2,2
TALBROAUTO,SuperTrend,3,1
TATACONSUM,SuperTrend,1,0
UNIVCABLES,SuperTrend,2,0
PATANJALI,SuperTrend,3,2
ADORWELD,SuperTrend,2,2
TI,SuperTrend,2,0
SPLPETRO,SuperTrend,1,1
TORNTPHARM,SuperTrend,2,0
SANGHVIMOV,SuperTrend,2,1
PRIVISCL,SuperTrend,2,2
OIL,SuperTrend,2,0
POWERGRID,SuperTrend,3,0
PHOENIXLTD,SuperTrend,2,0
SWELECTES,SuperTrend,2,2
DLF,SuperTrend,4,1
WELCORP,SuperTrend,1,1
TIPSINDLTD,SuperTrend,3,2
TVSMOTOR,SuperTrend,1,1
COALINDIA,SuperTrend,2,0
PFC,SuperTrend,1,1
KIOCL,SuperTrend,1,0
LINCOLN,SuperTrend,2,0
PRESTIGE,SuperTrend,2,1
POKARNA,SuperTrend,2,2
JYOTHYLAB,SuperTrend,1,0
ATULAUTO,SuperTrend,2,2
GODREJPROP,SuperTrend,4,1
SATIN,SuperTrend,1,0
BSOFT,SuperTrend,2,0
BDL,SuperTrend,1,0
ORIENTCEM,SuperTrend,2,0
ADANIPOWER,SuperTrend,3,1
RECLTD,SuperTrend,2,0
PERSISTENT,SuperTrend,3,1
ALKEM,SuperTrend,3,1
CDSL,SuperTrend,3,1
TCI,SuperTrend,1,0
GODREJCP,SuperTrend,2,1
SBILIFE,SuperTrend,2,0
RAILTEL,SuperTrend,1,1
ICICIGI,SuperTrend,2,1
MAXHEALTH,SuperTrend,2,1
UTTAMSUGAR,SuperTrend,2,1
MUTHOOTFIN,SuperTrend,2,0
ALLSEC,SuperTrend,1,0
ULTRACEMCO,SuperTrend,2,0
REPCOHOME,SuperTrend,1,0
SOLARINDS,SuperTrend,1,0
SAKSOFT,SuperTrend,2,0
ACE,SuperTrend,1,0
SOBHA,SuperTrend,2,0
MOTILALOFS,SuperTrend,1,0
BRIGADE,SuperTrend,1,0
RAMKY,SuperTrend,2,0
SPANDANA,SuperTrend,1,1
LODHA,SuperTrend,1,0
WABAG,SuperTrend,1,0
DBL,SuperTrend,1,1
OBEROIRLTY,SuperTrend,3,1
PGEL,SuperTrend,1,1
BAJAJCON,SuperTrend,2,1
SHALBY,SuperTrend,1,1
VSSL,SuperTrend,2,1
TIINDIA,SuperTrend,3,1
WONDERLA,SuperTrend,1,0
INOXWIND,SuperTrend,2,0
PARAGMILK,SuperTrend,1,1
GULFOILLUB,SuperTrend,2,1
AMBER,SuperTrend,1,0
CARTRADE,SuperTrend,1,1
QUICKHEAL,SuperTrend,2,0
PRICOLLTD,SuperTrend,2,1
SHAREINDIA,SuperTrend,2,1
HOMEFIRST,SuperTrend,2,0
ARVINDFASN,SuperTrend,3,1
KPITTECH,SuperTrend,3,0
POWERINDIA,SuperTrend,2,1
VIJAYA,SuperTrend,1,0
ARVIND,SuperTrend,3,0
BLUESTARCO,SuperTrend,3,0
BBTC,SuperTrend,3,1
CIPLA,SuperTrend,2,0
TATACOFFEE,SuperTrend,1,1
ELECON,SuperTrend,2,0
ELGIEQUIP,SuperTrend,3,0
TRENT,SuperTrend,1,1
MANGLMCEM,SuperTrend,2,2
RAYMOND,SuperTrend,2,1
VEDL,SuperTrend,3,1
SRF,SuperTrend,3,1
JKLAKSHMI,SuperTrend,3,1
SUPREMEIND,SuperTrend,2,2
TALBROAUTO,SuperTrend,3,1
TATACONSUM,SuperTrend,1,0
TATAMOTORS,SuperTrend,2,1
UNIVCABLES,SuperTrend,2,0
AUTOAXLES,SuperTrend,1,0
MARATHON,SuperTrend,1,0
PATANJALI,SuperTrend,2,2
TI,SuperTrend,2,0
PITTIENG,SuperTrend,1,1
SPLPETRO,SuperTrend,1,1
TORNTPHARM,SuperTrend,2,0
SANGHVIMOV,SuperTrend,2,1
PRIVISCL,SuperTrend,1,1
SHILPAMED,SuperTrend,3,0
OIL,SuperTrend,2,0
POWERGRID,SuperTrend,3,0
PHOENIXLTD,SuperTrend,2,0
DLF,SuperTrend,4,1
WELCORP,SuperTrend,1,1
WOCKPHARMA,SuperTrend,3,0
TIPSINDLTD,SuperTrend,3,2
TVSMOTOR,SuperTrend,1,1
COALINDIA,SuperTrend,2,0
HAL,SuperTrend,3,0
PFC,SuperTrend,1,1
LINCOLN,SuperTrend,2,0
PRESTIGE,SuperTrend,2,1
POKARNA,SuperTrend,3,2
GMDCLTD,SuperTrend,2,1
JYOTHYLAB,SuperTrend,1,0
ATULAUTO,SuperTrend,2,2
GODREJPROP,SuperTrend,4,1
SATIN,SuperTrend,1,0
BSOFT,SuperTrend,2,0
BDL,SuperTrend,1,0
ADANIPOWER,SuperTrend,3,1
RECLTD,SuperTrend,2,0
PERSISTENT,SuperTrend,3,1
NAUKRI,SuperTrend,3,0
TCI,SuperTrend,1,0
GODREJCP,SuperTrend,2,1
SBILIFE,SuperTrend,2,0
RAILTEL,SuperTrend,1,1
AIAENG,SuperTrend,3,0
MAXHEALTH,SuperTrend,2,1
NITINSPIN,SuperTrend,1,1
UTTAMSUGAR,SuperTrend,2,1
VBL,SuperTrend,2,1
MUTHOOTFIN,SuperTrend,2,0
ALLSEC,SuperTrend,1,0
ULTRACEMCO,SuperTrend,2,0
REPCOHOME,SuperTrend,2,0
SOLARINDS,SuperTrend,1,0
SKIPPER,SuperTrend,1,0
SAKSOFT,SuperTrend,2,0
ACE,SuperTrend,1,0
SOBHA,SuperTrend,2,0
MOTILALOFS,SuperTrend,1,0
BRIGADE,SuperTrend,1,0
RAMKY,SuperTrend,2,0
SPANDANA,SuperTrend,1,1
LODHA,SuperTrend,1,0
DIXON,SuperTrend,1,1
WABAG,SuperTrend,1,0
DBL,SuperTrend,1,1
OBEROIRLTY,SuperTrend,3,1
SHALBY,SuperTrend,1,1
VSSL,SuperTrend,2,1
TIINDIA,SuperTrend,3,1
WONDERLA,SuperTrend,1,0
INOXWIND,SuperTrend,2,0
QUESS,SuperTrend,2,0
PARAGMILK,SuperTrend,1,1
GULFOILLUB,SuperTrend,2,1
AMBER,SuperTrend,1,0
CARTRADE,SuperTrend,1,1
METROPOLIS,SuperTrend,4,2
QUICKHEAL,SuperTrend,2,0
PRICOLLTD,SuperTrend,2,1
ZOTA,SuperTrend,2,1
CAPACITE,SuperTrend,2,1
SHAREINDIA,SuperTrend,2,1
HOMEFIRST,SuperTrend,2,0
ARVINDFASN,SuperTrend,3,1
KPITTECH,SuperTrend,3,0
POWERINDIA,SuperTrend,2,1
VIJAYA,SuperTrend,1,0
